date,close,adj_close,volume
2018-10-01,7.234000205993652,7.149911403656006,622060000
2018-10-02,7.1620001792907715,7.07874870300293,383964000
2018-10-03,7.16825008392334,7.084925651550293,320552000
2018-10-04,6.982250213623047,6.901088237762451,391220000
2018-10-05,6.746500015258789,6.668078899383545,426636000
2018-10-08,6.64424991607666,6.567015171051025,408612000
2018-10-09,6.638500213623047,6.561334609985352,273500000
2018-10-10,6.142250061035156,6.0708513259887695,684940000
2018-10-11,5.8782501220703125,5.809921741485596,725436000
2018-10-12,6.16349983215332,6.091855525970459,608236000
2018-10-15,5.884500026702881,5.816098213195801,449760000
2018-10-16,6.145750045776367,6.07431173324585,408712000
2018-10-17,6.076499938964844,6.005866527557373,329668000
2018-10-18,5.988249778747559,5.918642044067383,524020000
2018-10-19,5.729249954223633,5.662652492523193,613608000
2018-10-22,5.7804999351501465,5.7133073806762695,368844000
2018-10-23,5.526500225067139,5.4622602462768555,626436000
2018-10-24,4.985249996185303,4.92730188369751,884288000
2018-10-25,5.196000099182129,5.135601997375488,951720000
2018-10-26,4.957250118255615,4.899626731872559,664784000
2018-10-29,4.640500068664551,4.586559295654297,758016000
2018-10-30,5.074999809265137,5.016008377075195,807192000
2018-10-31,5.270750045776367,5.2094831466674805,745772000
2018-11-01,5.452750205993652,5.389367580413818,566528000
2018-11-02,5.373000144958496,5.310544013977051,452960000
2018-11-05,5.294250011444092,5.232710838317871,379332000
2018-11-06,5.276500225067139,5.215166091918945,299012000
2018-11-07,5.344749927520752,5.28262186050415,483812000
2018-11-08,5.149750232696533,5.089888572692871,511352000
2018-11-09,5.141749858856201,5.081981658935547,413240000
2018-11-12,4.738500118255615,4.683419227600098,617116000
2018-11-13,4.982749938964844,4.924829959869385,644712000
2018-11-14,4.929749965667725,4.872446537017822,526580000
2018-11-15,5.059750080108643,5.0009355545043945,840708000
2018-11-16,4.110750198364258,4.062966346740723,1963520000
2018-11-19,3.617500066757202,3.5754494667053223,1697820000
2018-11-20,3.7269999980926514,3.6836771965026855,1692032000
2018-11-21,3.6177499294281006,3.5756962299346924,1025496000
2018-11-23,3.625,3.5828628540039062,411968000
2018-11-26,3.8262500762939453,3.781773805618286,814832000
2018-11-27,3.843250036239624,3.7985761165618896,738060000
2018-11-28,4.0017499923706055,3.9552340507507324,804524000
2018-11-29,3.934000015258789,3.8921613693237305,549172000
2018-11-30,4.085750102996826,4.042298316955566,729564000
2018-12-03,4.250999927520752,4.205790996551514,890804000
2018-12-04,3.9277501106262207,3.8859779834747314,812112000
2018-12-06,3.9572501182556152,3.9151644706726074,692308000
2018-12-07,3.6902499198913574,3.6510040760040283,681676000
2018-12-10,3.7964999675750732,3.7561230659484863,629472000
2018-12-11,3.7047500610351562,3.6653494834899902,671912000
2018-12-12,3.7225000858306885,3.682910919189453,654136000
2018-12-13,3.722249984741211,3.682663917541504,471384000
2018-12-14,3.661250114440918,3.6223127841949463,471820000
2018-12-17,3.5894999504089355,3.5513243675231934,662868000
2018-12-18,3.6735000610351562,3.6344316005706787,564372000
2018-12-19,3.46274995803833,3.4259228706359863,745364000
2018-12-20,3.377500057220459,3.3415801525115967,749588000
2018-12-21,3.2392499446868896,3.2048003673553467,863740000
2018-12-24,3.177000045776367,3.14321231842041,463840000
2018-12-26,3.327500104904175,3.29211163520813,695100000
2018-12-27,3.279249906539917,3.244375467300415,637044000
2018-12-28,3.341249942779541,3.305715799331665,628728000
2018-12-31,3.3375000953674316,3.3020055294036865,465140000
2019-01-02,3.4054999351501465,3.3692822456359863,508752000
2019-01-03,3.1997499465942383,3.1657204627990723,705552000
2019-01-04,3.404750108718872,3.368540048599243,585620000
2019-01-07,3.5850000381469727,3.5468735694885254,709160000
2019-01-08,3.4957499504089355,3.4585723876953125,786016000
2019-01-09,3.564500093460083,3.526590585708618,617260000
2019-01-10,3.6307499408721924,3.592136859893799,523156000
2019-01-11,3.720750093460083,3.6811792850494385,874764000
2019-01-14,3.760999917984009,3.7210004329681396,730168000
2019-01-15,3.7467501163482666,3.7069034576416016,617012000
2019-01-16,3.7209999561309814,3.681426763534546,470104000
2019-01-17,3.7929999828338623,3.7526605129241943,493436000
2019-01-18,3.9232499599456787,3.881525754928589,651336000
2019-01-22,3.719249963760376,3.6796951293945312,661552000
2019-01-23,3.7322499752044678,3.692556858062744,591020000
2019-01-24,3.946000099182129,3.904034376144409,708972000
2019-01-25,4.003749847412109,3.961169481277466,1154572000
2019-01-28,3.4502499103546143,3.41355562210083,2511528000
2019-01-29,3.2899999618530273,3.2550103664398193,1153932000
2019-01-30,3.4347500801086426,3.3982207775115967,974228000
2019-01-31,3.59375,3.555529832839966,842852000
2019-02-01,3.6182498931884766,3.5797691345214844,625048000
2019-02-04,3.7295000553131104,3.6898365020751953,528592000
2019-02-05,3.7487499713897705,3.7088816165924072,542424000
2019-02-06,3.825000047683716,3.784320592880249,702464000
2019-02-07,3.685499906539917,3.6463043689727783,637120000
2019-02-08,3.7042500972747803,3.6648552417755127,461604000
2019-02-11,3.661250114440918,3.6223127841949463,495180000
2019-02-12,3.779249906539917,3.7390568256378174,591060000
2019-02-13,3.822000026702881,3.7813525199890137,605372000
2019-02-14,3.8632500171661377,3.8221638202667236,827264000
2019-02-15,3.933500051498413,3.891667604446411,1516748000
2019-02-19,3.9159998893737793,3.8743526935577393,551892000
2019-02-20,3.963749885559082,3.9215948581695557,540988000
2019-02-21,3.89424991607666,3.852834701538086,448548000
2019-02-22,3.979749917984009,3.937424659729004,401740000
2019-02-25,3.967250108718872,3.9250588417053223,656020000
2019-02-26,3.927500009536743,3.885730504989624,488464000
2019-02-27,3.8852500915527344,3.843930244445801,500256000
2019-02-28,3.8564999103546143,3.819418430328369,324944000
2019-03-01,3.911250114440918,3.873641014099121,357188000
2019-03-04,3.9195001125335693,3.881812334060669,409992000
2019-03-05,3.9130001068115234,3.875375270843506,362924000
2019-03-06,3.8012499809265137,3.7646994590759277,403524000
2019-03-07,3.7314999103546143,3.695619583129883,450104000
2019-03-08,3.7660000324249268,3.729788303375244,422416000
2019-03-11,4.028500080108643,3.989765167236328,859728000
2019-03-12,4.063000202178955,4.02393102645874,579576000
2019-03-13,4.2154998779296875,4.174966335296631,768900000
2019-03-14,4.138999938964844,4.099201679229736,519384000
2019-03-15,4.245250225067139,4.20443058013916,661484000
2019-03-18,4.223750114440918,4.183135986328125,486992000
2019-03-19,4.392749786376953,4.350510597229004,854972000
2019-03-20,4.360000133514404,4.318075180053711,719148000
2019-03-21,4.598499774932861,4.554282188415527,824312000
2019-03-22,4.4375,4.39483118057251,747644000
2019-03-25,4.3445000648498535,4.302726745605469,525212000
2019-03-26,4.421750068664551,4.379232883453369,703508000
2019-03-27,4.412499904632568,4.370071887969971,474372000
2019-03-28,4.431250095367432,4.388641357421875,480264000
2019-03-29,4.488999843597412,4.445834636688232,456896000
2019-04-01,4.557000160217285,4.513182163238525,483824000
2019-04-02,4.574999809265137,4.531009197235107,440920000
2019-04-03,4.7154998779296875,4.670158386230469,783504000
2019-04-04,4.706500053405762,4.661246299743652,457376000
2019-04-05,4.773749828338623,4.727848529815674,481744000
2019-04-08,4.794750213623047,4.748647212982178,424192000
2019-04-09,4.731500148773193,4.686004638671875,439972000
2019-04-10,4.802499771118164,4.756322383880615,444772000
2019-04-11,4.78849983215332,4.74245548248291,374600000
2019-04-12,4.750249862670898,4.704574108123779,471708000
2019-04-15,4.617499828338623,4.57310152053833,440092000
2019-04-16,4.705249786376953,4.660007476806641,394964000
2019-04-17,4.682250022888184,4.637227535247803,351004000
2019-04-18,4.65749979019165,4.612715721130371,380988000
2019-04-22,4.711750030517578,4.666443347930908,279936000
2019-04-23,4.766749858856201,4.720915794372559,346856000
2019-04-24,4.779250144958496,4.73329496383667,318204000
2019-04-25,4.672749996185303,4.62782096862793,499296000
2019-04-26,4.452250003814697,4.409439563751221,868988000
2019-04-29,4.483250141143799,4.440140724182129,391920000
2019-04-30,4.525000095367432,4.481489181518555,362920000
2019-05-01,4.511750221252441,4.468367099761963,354280000
2019-05-02,4.579750061035156,4.535714626312256,394684000
2019-05-03,4.575250148773193,4.531257152557373,336824000
2019-05-06,4.496250152587891,4.453017234802246,422176000
2019-05-07,4.327750205993652,4.286137580871582,555220000
2019-05-08,4.3480000495910645,4.306191921234131,419168000
2019-05-09,4.254749774932861,4.21383810043335,660248000
2019-05-10,4.2204999923706055,4.179917812347412,569500000
2019-05-13,3.961250066757202,3.9231600761413574,656912000
2019-05-14,4.051000118255615,4.012048721313477,524880000
2019-05-15,3.989500045776367,3.951139450073242,502320000
2019-05-16,4.004749774932861,3.9662418365478516,781088000
2019-05-17,3.913249969482422,3.8756215572357178,1022068000
2019-05-20,3.793750047683716,3.7572715282440186,572064000
2019-05-21,3.876499891281128,3.8392255306243896,361848000
2019-05-22,3.805000066757202,3.768413782119751,325868000
2019-05-23,3.683000087738037,3.647585868835449,591844000
2019-05-24,3.6287500858306885,3.5938587188720703,357584000
2019-05-28,3.583250045776367,3.548795223236084,428356000
2019-05-29,3.508500099182129,3.474764585494995,559800000
2019-05-30,3.477750062942505,3.448241710662842,394300000
2019-05-31,3.3864998817443848,3.3577651977539062,389720000
2019-06-03,3.3445000648498535,3.316121816635132,478644000
2019-06-04,3.575000047683716,3.5446665287017822,641836000
2019-06-05,3.5320000648498535,3.502031087875366,511616000
2019-06-06,3.5945000648498535,3.5640006065368652,408140000
2019-06-07,3.637500047683716,3.606635570526123,348856000
2019-06-10,3.710750102996826,3.6792643070220947,402780000
2019-06-11,3.768749952316284,3.736771583557129,383872000
2019-06-12,3.6549999713897705,3.6239871978759766,358892000
2019-06-13,3.7065000534057617,3.6750502586364746,308080000
2019-06-14,3.615999937057495,3.5853183269500732,394428000
2019-06-17,3.6257500648498535,3.594985246658325,276040000
2019-06-18,3.822000026702881,3.7895703315734863,581920000
2019-06-19,3.828000068664551,3.7955188751220703,331644000
2019-06-20,3.8524999618530273,3.8198118209838867,350168000
2019-06-21,3.7939999103546143,3.7618072032928467,434428000
2019-06-24,3.816499948501587,3.784116744995117,282948000
2019-06-25,3.7869999408721924,3.7548668384552,311868000
2019-06-26,3.9814999103546143,3.947716474533081,584072000
2019-06-27,4.080749988555908,4.046124458312988,445440000
2019-06-28,4.10575008392334,4.070913314819336,397668000
2019-07-01,4.154250144958496,4.1190009117126465,709756000
2019-07-02,4.055749893188477,4.021336555480957,400228000
2019-07-03,4.068749904632568,4.034225940704346,246636000
2019-07-05,4.0057501792907715,3.9717607498168945,396552000
2019-07-08,3.9302499294281006,3.8969016075134277,329788000
2019-07-09,3.9327499866485596,3.899380922317505,342860000
2019-07-10,4.001500129699707,3.9675469398498535,452076000
2019-07-11,4.1570000648498535,4.1217265129089355,682560000
2019-07-12,4.190249919891357,4.154695510864258,506392000
2019-07-15,4.1817498207092285,4.146267414093018,289840000
2019-07-16,4.177000045776367,4.14155912399292,341444000
2019-07-17,4.24275016784668,4.20674991607666,348204000
2019-07-18,4.254499912261963,4.218400955200195,442192000
2019-07-19,4.210999965667725,4.17526912689209,344896000
2019-07-22,4.2829999923706055,4.246657848358154,315940000
2019-07-23,4.391499996185303,4.354238510131836,428176000
2019-07-24,4.4664998054504395,4.428601264953613,366236000
2019-07-25,4.334499835968018,4.2977213859558105,392700000
2019-07-26,4.3767499923706055,4.3396124839782715,274160000
2019-07-29,4.370500087738037,4.333415508270264,248160000
2019-07-30,4.386250019073486,4.349033355712891,197772000
2019-07-31,4.2179999351501465,4.182211875915527,359416000
2019-08-01,4.123000144958496,4.088016510009766,421212000
2019-08-02,4.029749870300293,3.9955568313598633,428348000
2019-08-05,3.7697501182556152,3.737764358520508,589156000
2019-08-06,3.8087499141693115,3.776432991027832,361272000
2019-08-07,3.847249984741211,3.814606189727783,372560000
2019-08-08,3.9565000534057617,3.922929286956787,309300000
2019-08-09,3.8545000553131104,3.821794271469116,341816000
2019-08-12,3.786250114440918,3.7541234493255615,279200000
2019-08-13,3.901249885559082,3.8681483268737793,351956000
2019-08-14,3.7517499923706055,3.7199153900146484,419880000
2019-08-15,3.719249963760376,3.687692165374756,477200000
2019-08-16,3.989000082015991,3.955153465270996,1007960000
2019-08-19,4.269499778747559,4.233273029327393,815112000
2019-08-20,4.196750164031982,4.161139965057373,463188000
2019-08-21,4.280749797821045,4.244428634643555,427244000
2019-08-22,4.2870001792907715,4.250624179840088,303488000
2019-08-23,4.060999870300293,4.026543617248535,568056000
2019-08-26,4.136250019073486,4.101153373718262,318208000
2019-08-27,4.045000076293945,4.010679721832275,290968000
2019-08-28,4.0304999351501465,4.000256538391113,255612000
2019-08-29,4.175000190734863,4.143672943115234,357976000
2019-08-30,4.187749862670898,4.1563262939453125,290616000
2019-09-03,4.104249954223633,4.073452949523926,296140000
2019-09-04,4.218999862670898,4.187342166900635,227728000
2019-09-05,4.493500232696533,4.459784030914307,695676000
2019-09-06,4.466249942779541,4.432737350463867,376976000
2019-09-09,4.512499809265137,4.478640556335449,417524000
2019-09-10,4.579500198364258,4.545137405395508,352812000
2019-09-11,4.608250141143799,4.573672294616699,361512000
2019-09-12,4.606750011444092,4.572183609008789,327840000
2019-09-13,4.548500061035156,4.514369964599609,324592000
2019-09-16,4.505249977111816,4.471445083618164,231832000
2019-09-17,4.526750087738037,4.492783546447754,223048000
2019-09-18,4.499499797821045,4.465737819671631,258152000
2019-09-19,4.423500061035156,4.3903093338012695,245476000
2019-09-20,4.317249774932861,4.284854888916016,350244000
2019-09-23,4.370999813079834,4.338201522827148,249712000
2019-09-24,4.3132500648498535,4.280885219573975,317268000
2019-09-25,4.455749988555908,4.4223151206970215,308432000
2019-09-26,4.433499813079834,4.400233268737793,234564000
2019-09-27,4.294000148773193,4.261778831481934,362056000
2019-09-30,4.351749897003174,4.319096088409424,186184000
2019-10-01,4.349999904632568,4.317358493804932,366008000
2019-10-02,4.326000213623047,4.293539524078369,293372000
2019-10-03,4.532750129699707,4.498737812042236,450588000
2019-10-04,4.54925012588501,4.515113830566406,265524000
2019-10-07,4.608250141143799,4.573672294616699,480984000
2019-10-08,4.430749893188477,4.397502422332764,444436000
2019-10-09,4.517749786376953,4.483850479125977,292412000
2019-10-10,4.57574987411499,4.541415691375732,309124000
2019-10-11,4.649750232696533,4.614861011505127,446404000
2019-10-14,4.663249969482422,4.628259181976318,200040000
2019-10-15,4.909249782562256,4.87241268157959,664124000
2019-10-16,4.855249881744385,4.818817615509033,428944000
2019-10-17,4.857250213623047,4.820804119110107,263436000
2019-10-18,4.762249946594238,4.726516246795654,307440000
2019-10-21,4.90024995803833,4.8634819984436035,261868000
2019-10-22,4.890250205993652,4.8535566329956055,328720000
2019-10-23,4.8772501945495605,4.840653896331787,279916000
2019-10-24,4.921500205993652,4.884571552276611,232020000
2019-10-25,5.113500118255615,5.075131416320801,423092000
2019-10-28,5.169750213623047,5.130958080291748,330792000
2019-10-29,5.072999954223633,5.0349345207214355,211236000
2019-10-30,5.074999809265137,5.036919116973877,205960000
2019-10-31,5.0254998207092285,4.987792015075684,209732000
2019-11-01,5.0647501945495605,5.02674674987793,283640000
2019-11-04,5.262499809265137,5.2230119705200195,376716000
2019-11-05,5.240250110626221,5.200929164886475,300868000
2019-11-06,5.1907501220703125,5.151801109313965,269012000
2019-11-07,5.208499908447266,5.1694183349609375,280340000
2019-11-08,5.194499969482422,5.155523777008057,189100000
2019-11-11,5.204500198364258,5.165446758270264,243436000
2019-11-12,5.240250110626221,5.200929164886475,283504000
2019-11-13,5.214250087738037,5.175125598907471,300188000
2019-11-14,5.244750022888184,5.205394744873047,518080000
2019-11-15,5.104750156402588,5.066447734832764,1053628000
2019-11-18,5.307000160217285,5.267179012298584,574588000
2019-11-19,5.199749946594238,5.160731792449951,414564000
2019-11-20,5.2795000076293945,5.239883899688721,472588000
2019-11-21,5.254499912261963,5.2150726318359375,288388000
2019-11-22,5.272250175476074,5.232688903808594,224100000
2019-11-25,5.530250072479248,5.488752841949463,506476000
2019-11-26,5.425000190734863,5.384294033050537,385244000
2019-11-27,5.455999851226807,5.419055938720703,215784000
2019-11-29,5.418499946594238,5.381809711456299,141556000
2019-12-02,5.231249809265137,5.195827484130859,372036000
2019-12-03,5.191500186920166,5.156347751617432,465232000
2019-12-04,5.235499858856201,5.20004940032959,273424000
2019-12-05,5.218500137329102,5.183165073394775,184884000
2019-12-06,5.3042497634887695,5.268333911895752,232236000
2019-12-09,5.3042497634887695,5.268333911895752,211880000
2019-12-10,5.3495001792907715,5.313277244567871,256388000
2019-12-11,5.433499813079834,5.3967084884643555,233796000
2019-12-12,5.601749897003174,5.563819408416748,404348000
2019-12-13,5.59975004196167,5.561831474304199,454704000
2019-12-16,5.628749847412109,5.590636253356934,320976000
2019-12-17,5.707250118255615,5.668604850769043,321196000
2019-12-18,5.737750053405762,5.698899269104004,343548000
2019-12-19,5.886499881744385,5.846641540527344,445360000
2019-12-20,5.984250068664551,5.943729400634766,603044000
2019-12-23,5.9704999923706055,5.930072784423828,355060000
2019-12-24,5.9654998779296875,5.925106048583984,138864000
2019-12-26,5.979750156402588,5.939260482788086,182852000
2019-12-27,5.921750068664551,5.881650924682617,254644000
2019-12-30,5.808000087738037,5.768672943115234,258056000
2019-12-31,5.882500171661377,5.842668533325195,231004000
2020-01-02,5.9977498054504395,5.957137584686279,237536000
2020-01-03,5.901750087738037,5.861787796020508,205384000
2020-01-06,5.926499843597412,5.8863701820373535,262636000
2020-01-07,5.9982500076293945,5.957633972167969,314856000
2020-01-08,6.009500026702881,5.968807697296143,277108000
2020-01-09,6.075500011444092,6.034362316131592,255112000
2020-01-10,6.107999801635742,6.066640853881836,316296000
2020-01-13,6.299499988555908,6.2568440437316895,319840000
2020-01-14,6.182000160217285,6.140141487121582,359088000
2020-01-15,6.139249801635742,6.09768009185791,263104000
2020-01-16,6.223249912261963,6.181110382080078,284192000
2020-01-17,6.23199987411499,6.189802646636963,253792000
2020-01-21,6.198500156402588,6.156529426574707,217916000
2020-01-22,6.252749919891357,6.210412979125977,239240000
2020-01-23,6.321499824523926,6.278695106506348,244516000
2020-01-24,6.26200008392334,6.219597816467285,373512000
2020-01-27,6.005000114440918,5.964339733123779,470536000
2020-01-28,6.199250221252441,6.157272815704346,310976000
2020-01-29,6.138500213623047,6.096934795379639,258848000
2020-01-30,6.145249843597412,6.103639125823975,290504000
2020-01-31,5.910749912261963,5.8707275390625,370420000
2020-02-03,6.0082502365112305,5.967568397521973,255564000
2020-02-04,6.178249835968018,6.136414527893066,271544000
2020-02-05,6.269000053405762,6.226551532745361,208220000
2020-02-06,6.356249809265137,6.313210487365723,218284000
2020-02-07,6.289750099182129,6.247159957885742,189752000
2020-02-10,6.574250221252441,6.5297346115112305,529608000
2020-02-11,6.697249889373779,6.6519012451171875,638556000
2020-02-12,6.813499927520752,6.767364501953125,374644000
2020-02-13,6.769499778747559,6.723662853240967,528016000
2020-02-14,7.244750022888184,7.195695400238037,1041924000
2020-02-18,7.414249897003174,7.364046096801758,620164000
2020-02-19,7.867499828338623,7.814227104187012,694332000
2020-02-20,7.71750020980835,7.665243625640869,810052000
2020-02-21,7.351749897003174,7.301969528198242,768180000
2020-02-24,6.831999778747559,6.785738468170166,856916000
2020-02-25,6.551249980926514,6.506891250610352,1055496000
2020-02-26,6.691249847412109,6.645942687988281,747732000
2020-02-27,6.315000057220459,6.275992393493652,906416000
2020-02-28,6.7517499923706055,6.710043430328369,1133252000
2020-03-02,6.910749912261963,6.868061065673828,890744000
2020-03-03,6.647250175476074,6.606189250946045,652792000
2020-03-04,7.112750053405762,7.068812847137451,597408000
2020-03-05,6.832250118255615,6.790046215057373,540328000
2020-03-06,6.651000022888184,6.609915733337402,515412000
2020-03-09,6.136000156402588,6.0980963706970215,614160000
2020-03-10,6.5269999504089355,6.4866814613342285,580648000
2020-03-11,6.161749839782715,6.123687744140625,499964000
2020-03-12,5.407750129699707,5.374344825744629,816540000
2020-03-13,6.020999908447266,5.983806610107422,634836000
2020-03-16,4.909999847412109,4.879671096801758,726972000
2020-03-17,5.4317498207092285,5.398196697235107,833632000
2020-03-18,5.070499897003174,5.039178848266602,874268000
2020-03-19,5.324250221252441,5.2913618087768555,765512000
2020-03-20,5.143750190734863,5.111977577209473,804636000
2020-03-23,5.317249774932861,5.2844038009643555,643876000
2020-03-24,6.229499816894531,6.191018581390381,1101644000
2020-03-25,6.140500068664551,6.102568626403809,793432000
2020-03-26,6.431000232696533,6.391274929046631,696108000
2020-03-27,6.3182501792907715,6.279222011566162,638828000
2020-03-30,6.639750003814697,6.598735809326172,602252000
2020-03-31,6.590000152587891,6.549293518066406,949960000
2020-04-01,6.076749801635742,6.039211750030518,656912000
2020-04-02,6.386750221252441,6.3472981452941895,675764000
2020-04-03,6.097750186920166,6.060083389282227,663212000
2020-04-06,6.710000038146973,6.668551445007324,727884000
2020-04-07,6.475749969482422,6.435749053955078,784520000
2020-04-08,6.673749923706055,6.632526397705078,542444000
2020-04-09,6.573750019073486,6.533142566680908,525564000
2020-04-13,6.746250152587891,6.7045769691467285,398408000
2020-04-14,7.098750114440918,7.054901123046875,530948000
2020-04-15,7.020999908447266,6.977631092071533,366148000
2020-04-16,7.367499828338623,7.3219895362854,745620000
2020-04-17,7.308000087738037,7.262857913970947,539120000
2020-04-20,7.176249980926514,7.131921291351318,449388000
2020-04-21,6.737750053405762,6.696129322052002,735160000
2020-04-22,7.153749942779541,7.109559059143066,483356000
2020-04-23,7.100249767303467,7.05639123916626,424160000
2020-04-24,7.239749908447266,7.1950297355651855,352328000
2020-04-27,7.427000045776367,7.38112211227417,479388000
2020-04-28,7.283999919891357,7.239006519317627,442904000
2020-04-29,7.46150016784668,7.415409088134766,379160000
2020-04-30,7.307000160217285,7.261864185333252,375916000
2020-05-01,7.069499969482422,7.02583122253418,342096000
2020-05-04,7.282249927520752,7.2372660636901855,317556000
2020-05-05,7.343500137329102,7.2981390953063965,368896000
2020-05-06,7.44474983215332,7.398761749267578,323464000
2020-05-07,7.6217498779296875,7.5746684074401855,373732000
2020-05-08,7.8125,7.7642412185668945,339216000
2020-05-11,8.065500259399414,8.015677452087402,469060000
2020-05-12,7.802499771118164,7.754303455352783,493060000
2020-05-13,7.78000020980835,7.731943130493164,625852000
2020-05-14,8.030500411987305,7.980894565582275,602312000
2020-05-15,8.490750312805176,8.438302993774414,987660000
2020-05-18,8.750249862670898,8.696199417114258,774460000
2020-05-19,8.805500030517578,8.751107215881348,717320000
2020-05-20,8.970000267028809,8.914593696594238,587536000
2020-05-21,8.775250434875488,8.721044540405273,761068000
2020-05-22,9.026249885559082,8.97049617767334,1038764000
2020-05-26,8.71774959564209,8.663895606994629,770780000
2020-05-27,8.525250434875488,8.472589492797852,1175892000
2020-05-28,8.487000465393066,8.434574127197266,734896000
2020-05-29,8.875499725341797,8.820674896240234,745256000
2020-06-01,8.806249618530273,8.751852035522461,389876000
2020-06-02,8.825249671936035,8.770735740661621,391320000
2020-06-03,8.769499778747559,8.715330123901367,365440000
2020-06-04,8.766500473022461,8.716327667236328,424280000
2020-06-05,8.920000076293945,8.868945121765137,481748000
2020-06-08,8.805000305175781,8.75460433959961,387736000
2020-06-09,9.045999526977539,8.99422550201416,468488000
2020-06-10,9.36674976348877,9.313138008117676,632180000
2020-06-11,8.796250343322754,8.745906829833984,583652000
2020-06-12,8.932499885559082,8.88137435913086,570908000
2020-06-15,9.173749923706055,9.12124252319336,400004000
2020-06-16,9.068499565124512,9.016595840454102,535716000
2020-06-17,9.236000061035156,9.183136940002441,408304000
2020-06-18,9.218000411987305,9.165238380432129,254408000
2020-06-19,9.261249542236328,9.20824146270752,524160000
2020-06-22,9.526749610900879,9.472222328186035,398468000
2020-06-23,9.449999809265137,9.395910263061523,375108000
2020-06-24,9.23550033569336,9.182639122009277,449372000
2020-06-25,9.489999771118164,9.435684204101562,376072000
2020-06-26,9.154999732971191,9.102602005004883,592084000
2020-06-29,9.199999809265137,9.147342681884766,342248000
2020-06-30,9.497750282287598,9.443389892578125,367892000
2020-07-01,9.529999732971191,9.47545337677002,326648000
2020-07-02,9.612250328063965,9.557232856750488,364056000
2020-07-06,9.839249610900879,9.782934188842773,315892000
2020-07-07,9.871749877929688,9.815245628356934,357800000
2020-07-08,10.215999603271484,10.157524108886719,365480000
2020-07-09,10.508999824523926,10.448851585388184,494548000
2020-07-10,10.479249954223633,10.419270515441895,497676000
2020-07-13,10.052249908447266,9.994711875915527,457076000
2020-07-14,10.376999855041504,10.317604064941406,542676000
2020-07-15,10.227250099182129,10.168715476989746,403984000
2020-07-16,10.134750366210938,10.076743125915527,344964000
2020-07-17,10.201499938964844,10.143111228942871,266284000
2020-07-20,10.510749816894531,10.450589179992676,284852000
2020-07-21,10.328499794006348,10.26938533782959,277036000
2020-07-22,10.438750267028809,10.379002571105957,367292000
2020-07-23,10.12975025177002,10.071770668029785,411660000
2020-07-24,10.194499969482422,10.136150360107422,473292000
2020-07-27,10.421500205993652,10.36185073852539,292132000
2020-07-28,10.215499877929688,10.157029151916504,271636000
2020-07-29,10.465499877929688,10.405599594116211,284508000
2020-07-30,10.61400032043457,10.553253173828125,308880000
2020-07-31,10.614749908447266,10.553993225097656,386080000
2020-08-03,11.010250091552734,10.947232246398926,412720000
2020-08-04,11.227749824523926,11.16348648071289,310336000
2020-08-05,11.286749839782715,11.222149848937988,249924000
2020-08-06,11.33549976348877,11.270618438720703,244316000
2020-08-07,11.19950008392334,11.135396957397461,342516000
2020-08-10,11.164999961853027,11.101096153259277,427796000
2020-08-11,10.850000381469727,10.787898063659668,354512000
2020-08-12,11.440250396728516,11.37476921081543,464412000
2020-08-13,11.442999839782715,11.377504348754883,374460000
2020-08-14,11.564000129699707,11.497814178466797,366436000
2020-08-17,12.336999893188477,12.266388893127441,621300000
2020-08-18,12.260749816894531,12.190572738647461,503448000
2020-08-19,12.138500213623047,12.069024085998535,622624000
2020-08-20,12.140999794006348,12.071507453918457,921388000
2020-08-21,12.683500289916992,12.610902786254883,999868000
2020-08-24,12.720250129699707,12.647443771362305,490564000
2020-08-25,12.75,12.677024841308594,289076000
2020-08-26,12.77299976348877,12.69989013671875,321244000
2020-08-27,12.628250122070312,12.555971145629883,317604000
2020-08-28,13.147749900817871,13.072497367858887,537160000
2020-08-31,13.374500274658203,13.297948837280273,500840000
2020-09-01,13.821000099182129,13.74600601196289,511316000
2020-09-02,14.346500396728516,14.268654823303223,874012000
2020-09-03,13.01550006866455,12.944877624511719,945128000
2020-09-04,12.6225004196167,12.554009437561035,1463684000
2020-09-08,11.913000106811523,11.848356246948242,795728000
2020-09-09,12.71500015258789,12.646007537841797,736200000
2020-09-10,12.311750411987305,12.244945526123047,698684000
2020-09-11,12.16450023651123,12.098495483398438,636928000
2020-09-14,12.872249603271484,12.802403450012207,1201744000
2020-09-15,12.991000175476074,12.920507431030273,727556000
2020-09-16,12.51449966430664,12.446596145629883,556384000
2020-09-17,12.463500022888184,12.39587116241455,792512000
2020-09-18,12.189249992370605,12.1231107711792,698460000
2020-09-21,12.517250061035156,12.449328422546387,721044000
2020-09-22,12.637749671936035,12.569174766540527,646452000
2020-09-23,12.123749732971191,12.057962417602539,647012000
2020-09-24,12.347999572753906,12.280999183654785,731240000
2020-09-25,12.873749732971191,12.80389404296875,588016000
2020-09-28,13.03499984741211,12.964272499084473,573808000
2020-09-29,13.225749969482422,13.153986930847168,621460000
2020-09-30,13.530500411987305,13.457082748413086,689184000
2020-10-01,13.614500045776367,13.540623664855957,525004000
2020-10-02,13.062250137329102,12.991374015808105,552496000
2020-10-05,13.642499923706055,13.568473815917969,479820000
2020-10-06,13.736499786376953,13.66196346282959,784420000
2020-10-07,13.96399974822998,13.888229370117188,418084000
2020-10-08,13.838749885559082,13.763657569885254,378900000
2020-10-09,13.762749671936035,13.688072204589844,346892000
2020-10-12,14.22599983215332,14.14880657196045,434744000
2020-10-13,14.248250007629395,14.17093563079834,344604000
2020-10-14,14.095250129699707,14.018767356872559,276100000
2020-10-15,13.970000267028809,13.894197463989258,267224000
2020-10-16,13.81149959564209,13.736557960510254,242392000
2020-10-19,13.497750282287598,13.424509048461914,298068000
2020-10-20,13.645500183105469,13.571457862854004,229212000
2020-10-21,13.524749755859375,13.451364517211914,219596000
2020-10-22,13.361000061035156,13.28849983215332,290480000
2020-10-23,13.590250015258789,13.516509056091309,233484000
2020-10-26,13.141249656677246,13.06994342803955,336896000
2020-10-27,13.396750450134277,13.32405948638916,250520000
2020-10-28,12.626999855041504,12.55848503112793,376520000
2020-10-29,13.02400016784668,12.953330039978027,320080000
2020-10-30,12.534000396728516,12.46599006652832,416820000
2020-11-02,12.580750465393066,12.51248550415039,299652000
2020-11-03,13.019499778747559,12.948854446411133,272900000
2020-11-04,13.794249534606934,13.719398498535156,410228000
2020-11-05,14.15999984741211,14.083166122436523,319028000
2020-11-06,14.562000274658203,14.482986450195312,383348000
2020-11-09,13.630749702453613,13.55678653717041,582976000
2020-11-10,12.770000457763672,12.700708389282227,644068000
2020-11-11,13.418000221252441,13.345192909240723,404744000
2020-11-12,13.45674991607666,13.383731842041016,365812000
2020-11-13,13.29699993133545,13.224847793579102,346312000
2020-11-16,13.515250205993652,13.441913604736328,413776000
2020-11-17,13.422249794006348,13.349417686462402,312028000
2020-11-18,13.428750038146973,13.355883598327637,510924000
2020-11-19,13.440250396728516,13.367323875427246,565936000
2020-11-20,13.087750434875488,13.016733169555664,341088000
2020-11-23,13.140000343322754,13.06870174407959,361356000
2020-11-24,12.95775032043457,12.887439727783203,346500000
2020-11-25,13.234749794006348,13.162933349609375,259916000
2020-11-27,13.261249542236328,13.189291954040527,167276000
2020-11-30,13.40149974822998,13.328779220581055,286952000
2020-12-01,13.390000343322754,13.317343711853027,296948000
2020-12-02,13.544500350952148,13.471009254455566,283360000
2020-12-03,13.395999908447266,13.327247619628906,199520000
2020-12-04,13.558250427246094,13.488665580749512,202244000
2020-12-07,13.606749534606934,13.536914825439453,223244000
2020-12-08,13.350000381469727,13.281485557556152,271920000
2020-12-09,12.930749893188477,12.864384651184082,401300000
2020-12-10,12.972249984741211,12.905671119689941,207764000
2020-12-11,13.013250350952148,12.946459770202637,209264000
2020-12-14,13.30875015258789,13.240447044372559,270156000
2020-12-15,13.36050033569336,13.291927337646484,193016000
2020-12-16,13.242500305175781,13.174537658691406,223116000
2020-12-17,13.3412504196167,13.272777557373047,231384000
2020-12-18,13.272000312805176,13.203882217407227,342064000
2020-12-21,13.332249641418457,13.263825416564941,302332000
2020-12-22,13.278249740600586,13.210102081298828,185580000
2020-12-23,13.009249687194824,12.942481994628906,179144000
2020-12-24,12.993749618530273,12.927062034606934,97884000
2020-12-28,12.899999618530273,12.833791732788086,212564000
2020-12-29,12.943249702453613,12.87682056427002,170372000
2020-12-30,13.145750045776367,13.07828426361084,225396000
2020-12-31,13.055000305175781,12.987997055053711,192424000
2021-01-04,13.113499641418457,13.046196937561035,560640000
2021-01-05,13.404749870300293,13.335953712463379,322760000
2021-01-06,12.614500045776367,12.549759864807129,580424000
2021-01-07,13.343999862670898,13.275514602661133,461480000
2021-01-08,13.276749610900879,13.208608627319336,292528000
2021-01-11,13.621500015258789,13.551589965820312,518344000
2021-01-12,13.484749794006348,13.415541648864746,291476000
2021-01-13,13.531749725341797,13.462300300598145,210028000
2021-01-14,13.200249671936035,13.132501602172852,283120000
2021-01-15,12.85949993133545,12.793501853942871,277780000
2021-01-19,13.025250434875488,12.958398818969727,226188000
2021-01-20,13.365750312805176,13.297155380249023,258572000
2021-01-21,13.867500305175781,13.796329498291016,337780000
2021-01-22,13.712499618530273,13.642123222351074,246820000
2021-01-25,13.653249740600586,13.583178520202637,251112000
2021-01-26,13.435250282287598,13.36629581451416,163980000
2021-01-27,12.917750358581543,12.851452827453613,371272000
2021-01-28,13.050999641418457,12.984018325805664,228316000
2021-01-29,12.989749908447266,12.92308235168457,271552000
2021-02-01,13.237000465393066,13.169063568115234,217204000
2021-02-02,13.556750297546387,13.48717212677002,220440000
2021-02-03,13.530500411987305,13.461058616638184,245408000
2021-02-04,13.664250373840332,13.594120979309082,201340000
2021-02-05,13.590999603271484,13.521247863769531,169152000
2021-02-08,14.438750267028809,14.364646911621094,434624000
2021-02-09,14.263250350952148,14.190049171447754,287560000
2021-02-10,14.764249801635742,14.68847370147705,485352000
2021-02-11,15.250749588012695,15.172477722167969,450828000
2021-02-12,14.961250305175781,14.8844633102417,374756000
2021-02-16,15.330249786376953,15.251569747924805,321960000
2021-02-17,14.906000137329102,14.829498291015625,274756000
2021-02-18,14.829000473022461,14.752897262573242,233868000
2021-02-19,14.92650032043457,14.849893569946289,271724000
2021-02-22,14.35575008392334,14.282074928283691,325884000
2021-02-23,14.142000198364258,14.06942081451416,391780000
2021-02-24,14.49899959564209,14.424586296081543,448320000
2021-02-25,13.307499885559082,13.2391996383667,824436000
2021-02-26,13.714500427246094,13.644111633300781,500932000
2021-03-01,13.841750144958496,13.770709991455078,353184000
2021-03-02,13.40625,13.337444305419922,264116000
2021-03-03,12.804750442504883,12.739030838012695,377592000
2021-03-04,12.37024974822998,12.306763648986816,573344000
2021-03-05,12.46150016784668,12.397542953491211,542840000
2021-03-08,11.593250274658203,11.533748626708984,543112000
2021-03-09,12.52025032043457,12.460291862487793,521824000
2021-03-10,12.468250274658203,12.408543586730957,384376000
2021-03-11,12.993499755859375,12.931275367736816,299916000
2021-03-12,12.855999946594238,12.79443359375,243964000
2021-03-15,13.19124984741211,13.12807846069336,221988000
2021-03-16,13.291250228881836,13.227599143981934,272128000
2021-03-17,13.3412504196167,13.277359962463379,243864000
2021-03-18,12.72249984741211,12.66157341003418,293896000
2021-03-19,12.845749855041504,12.78423023223877,299208000
2021-03-22,13.186249732971191,13.123106002807617,297804000
2021-03-23,13.07075023651123,13.008156776428223,222048000
2021-03-24,12.642999649047852,12.582452774047852,245840000
2021-03-25,12.535249710083008,12.4752197265625,295144000
2021-03-26,12.839249610900879,12.777763366699219,363968000
2021-03-29,12.948249816894531,12.886241912841797,273520000
2021-03-30,12.871749877929688,12.81010913848877,200204000
2021-03-31,13.348250389099121,13.284327507019043,314776000
2021-04-01,13.811750411987305,13.745607376098633,308276000
2021-04-05,13.987500190734863,13.920514106750488,255672000
2021-04-06,13.861499786376953,13.795119285583496,191744000
2021-04-07,14.143500328063965,14.07577133178711,251284000
2021-04-08,14.317000389099121,14.248437881469727,244416000
2021-04-09,14.399999618530273,14.331038475036621,195172000
2021-04-12,15.208999633789062,15.136162757873535,869324000
2021-04-13,15.679499626159668,15.604411125183105,676212000
2021-04-14,15.277000427246094,15.203839302062988,385500000
2021-04-15,16.137250900268555,16.059972763061523,598480000
2021-04-16,15.912500381469727,15.836296081542969,335208000
2021-04-19,15.361749649047852,15.28818416595459,404420000
2021-04-20,15.171250343322754,15.09859561920166,334132000
2021-04-21,15.36050033569336,15.286940574645996,216776000
2021-04-22,14.850250244140625,14.779132843017578,277788000
2021-04-23,15.265250205993652,15.192145347595215,227500000
2021-04-26,15.477999687194824,15.403875350952148,197796000
2021-04-27,15.381750106811523,15.308090209960938,164572000
2021-04-28,15.276749610900879,15.20358943939209,209416000
2021-04-29,15.324749946594238,15.251363754272461,173196000
2021-04-30,15.009499549865723,14.937621116638184,201912000
2021-05-03,14.836750030517578,14.765698432922363,203912000
2021-05-04,14.351249694824219,14.282523155212402,405324000
2021-05-05,14.458499908447266,14.38925838470459,292024000
2021-05-06,14.52299976348877,14.453448295593262,193380000
2021-05-07,14.812250137329102,14.741315841674805,229328000
2021-05-10,14.26574993133545,14.197432518005371,268904000
2021-05-11,14.306249618530273,14.237740516662598,285584000
2021-05-12,13.758500099182129,13.692611694335938,303408000
2021-05-13,13.665249824523926,13.599810600280762,285404000
2021-05-14,14.243000030517578,14.174792289733887,258616000
2021-05-17,14.165499687194824,14.097660064697266,216980000
2021-05-18,14.01574993133545,13.948630332946777,186256000
2021-05-19,14.065750122070312,13.998391151428223,344000000
2021-05-20,14.612500190734863,14.542522430419922,321592000
2021-05-21,14.99174976348877,14.919957160949707,672992000
2021-05-24,15.612000465393066,15.537235260009766,554816000
2021-05-25,15.647749900817871,15.572813987731934,435408000
2021-05-26,15.699999809265137,15.624814987182617,370440000
2021-05-27,15.48799991607666,15.413829803466797,581476000
2021-05-28,16.24449920654297,16.16670799255371,644536000
2021-06-01,16.26449966430664,16.18661117553711,472804000
2021-06-02,16.778249740600586,16.697898864746094,594168000
2021-06-03,16.969749450683594,16.88848304748535,580008000
2021-06-04,17.578250885009766,17.49407196044922,617120000
2021-06-07,17.618999481201172,17.534622192382812,575756000
2021-06-08,17.457000732421875,17.373395919799805,323848000
2021-06-09,17.35824966430664,17.279083251953125,381656000
2021-06-10,17.424999237060547,17.345529556274414,287772000
2021-06-11,17.82525062561035,17.74395179748535,416308000
2021-06-14,18.018749237060547,17.936569213867188,321376000
2021-06-15,17.78849983215332,17.707366943359375,243032000
2021-06-16,17.81024932861328,17.729019165039062,307124000
2021-06-17,18.657249450683594,18.572160720825195,809656000
2021-06-18,18.638750076293945,18.553739547729492,968856000
2021-06-21,18.427249908447266,18.34320831298828,672384000
2021-06-22,18.886749267578125,18.800613403320312,580144000
2021-06-23,19.057249069213867,18.97032928466797,332356000
2021-06-24,19.20549964904785,19.117908477783203,320924000
2021-06-25,19.0310001373291,18.944202423095703,278364000
2021-06-28,19.985000610351562,19.89385414123535,495436000
2021-06-29,20.026750564575195,19.935413360595703,367632000
2021-06-30,20.002500534057617,19.911273956298828,326568000
2021-07-01,20.211999893188477,20.11981201171875,480136000
2021-07-02,20.48699951171875,20.39356231689453,342764000
2021-07-06,20.69849967956543,20.604097366333008,446708000
2021-07-07,20.371749877929688,20.27884292602539,418428000
2021-07-08,19.90275001525879,19.81197738647461,503300000
2021-07-09,20.050249099731445,19.95880699157715,296624000
2021-07-12,20.512500762939453,20.418947219848633,321984000
2021-07-13,20.25,20.157642364501953,290708000
2021-07-14,19.84149932861328,19.751001358032227,380100000
2021-07-15,18.966249465942383,18.87974739074707,550564000
2021-07-16,18.160999298095703,18.078170776367188,688224000
2021-07-19,18.77975082397461,18.69409942626953,749060000
2021-07-20,18.61199951171875,18.527116775512695,434687000
2021-07-21,19.40999984741211,19.321474075317383,371017000
2021-07-22,19.5939998626709,19.504634857177734,323826000
2021-07-23,19.558000564575195,19.46879768371582,195672000
2021-07-26,19.29400062561035,19.206003189086914,203943000
2021-07-27,19.20800018310547,19.120391845703125,248863000
2021-07-28,19.503000259399414,19.414052963256836,202191000
2021-07-29,19.66200065612793,19.57231903076172,190781000
2021-07-30,19.499000549316406,19.410066604614258,183497000
2021-08-02,19.75,19.659921646118164,217444000
2021-08-03,19.815000534057617,19.724628448486328,301811000
2021-08-04,20.27400016784668,20.181533813476562,231309000
2021-08-05,20.636999130249023,20.542879104614258,211435000
2021-08-06,20.365999221801758,20.273113250732422,178497000
2021-08-09,20.295000076293945,20.202436447143555,146443000
2021-08-10,19.93600082397461,19.845073699951172,179238000
2021-08-11,19.698999404907227,19.60915756225586,185925000
2021-08-12,19.905000686645508,19.81421661376953,151652000
2021-08-13,20.187999725341797,20.095922470092773,183063000
2021-08-16,19.950000762939453,19.859010696411133,210876000
2021-08-17,19.45800018310547,19.3692569732666,204585000
2021-08-18,19.040000915527344,18.953163146972656,285913000
2021-08-19,19.79800033569336,19.707704544067383,766555000
2021-08-20,20.81599998474121,20.721065521240234,675741000
2021-08-23,21.95800018310547,21.857852935791016,575807000
2021-08-24,21.792999267578125,21.6936092376709,297299000
2021-08-25,22.21299934387207,22.11168670654297,347701000
2021-08-26,22.06800079345703,21.96735382080078,237940000
2021-08-27,22.63599967956543,22.532758712768555,304722000
2021-08-30,22.687999725341797,22.584522247314453,262580000
2021-08-31,22.385000228881836,22.286834716796875,259850000
2021-09-01,22.44099998474121,22.342592239379883,201767000
2021-09-02,22.395999908447266,22.297788619995117,187834000
2021-09-03,22.843000411987305,22.742830276489258,280532000
2021-09-07,22.66200065612793,22.562623977661133,198107000
2021-09-08,22.339000701904297,22.24103355407715,254434000
2021-09-09,22.177000045776367,22.07974624633789,196856000
2021-09-10,22.47800064086914,22.379423141479492,248376000
2021-09-13,22.152000427246094,22.05485725402832,297500000
2021-09-14,22.242000579833984,22.14446258544922,199755000
2021-09-15,22.340999603271484,22.243022918701172,166538000
2021-09-16,22.242000579833984,22.14446258544922,156033000
2021-09-17,21.899999618530273,21.8039608001709,294503000
2021-09-20,21.113000869750977,21.020414352416992,349440000
2021-09-21,21.246000289916992,21.152828216552734,204688000
2021-09-22,21.94099998474121,21.84478187561035,268726000
2021-09-23,22.48200035095215,22.38340950012207,248555000
2021-09-24,22.08099937438965,21.984169006347656,217655000
2021-09-27,21.65999984741211,21.565011978149414,245215000
2021-09-28,20.698999404907227,20.608230590820312,343069000
2021-09-29,20.517000198364258,20.427030563354492,218394000
2021-09-30,20.715999603271484,20.62515640258789,221009000
2021-10-01,20.742000579833984,20.651039123535156,240978000
2021-10-04,19.73200035095215,19.645471572875977,345635000
2021-10-05,20.451000213623047,20.361316680908203,279282000
2021-10-06,20.700000762939453,20.609228134155273,297202000
2021-10-07,21.075000762939453,20.982580184936523,256919000
2021-10-08,20.83099937438965,20.739656448364258,151258000
2021-10-11,20.69499969482422,20.604248046875,163388000
2021-10-12,20.67099952697754,20.580350875854492,162134000
2021-10-13,20.93899917602539,20.847179412841797,180652000
2021-10-14,21.746000289916992,21.6506404876709,243589000
2021-10-15,21.86199951171875,21.76612663269043,226994000
2021-10-18,22.222000122070312,22.124549865722656,189494000
2021-10-19,22.290000915527344,22.192251205444336,161473000
2021-10-20,22.10300064086914,22.006071090698242,146276000
2021-10-21,22.691999435424805,22.592491149902344,187590000
2021-10-22,22.72599983215332,22.62633514404297,249384000
2021-10-25,23.166000366210938,23.064409255981445,230235000
2021-10-26,24.716999053955078,24.608610153198242,485898000
2021-10-27,24.451000213623047,24.343774795532227,245990000
2021-10-28,24.94099998474121,24.83163070678711,234204000
2021-10-29,25.566999435424805,25.454885482788086,292503000
2021-11-01,25.82699966430664,25.713743209838867,265740000
2021-11-02,26.400999069213867,26.28522300720215,294112000
2021-11-03,26.597999572753906,26.48135757446289,239910000
2021-11-04,29.801000595092773,29.67031478881836,1153631000
2021-11-05,29.75200080871582,29.621530532836914,851260000
2021-11-08,30.804000854492188,30.668916702270508,503101000
2021-11-09,30.656999588012695,30.522558212280273,646746000
2021-11-10,29.458999633789062,29.329809188842773,636206000
2021-11-11,30.389999389648438,30.25672721862793,332172000
2021-11-12,30.389999389648438,30.25672721862793,413054000
2021-11-15,30.024999618530273,29.89333152770996,384909000
2021-11-16,30.202999114990234,30.07054901123047,264484000
2021-11-17,29.26099967956543,29.1326847076416,428508000
2021-11-18,31.674999237060547,31.536094665527344,781711000
2021-11-19,32.98500061035156,32.84035873413086,533867000
2021-11-22,31.95599937438965,31.81585693359375,754335000
2021-11-23,31.746000289916992,31.606786727905273,532163000
2021-11-24,32.67399978637695,32.53071212768555,435162000
2021-11-26,31.503000259399414,31.364852905273438,283069000
2021-11-29,33.375999450683594,33.22962951660156,454964000
2021-11-30,32.67599868774414,32.53270721435547,622066000
2021-12-01,31.434999465942383,31.300979614257812,484368000
2021-12-02,32.125999450683594,31.98903465270996,472890000
2021-12-03,30.69300079345703,30.562145233154297,544325000
2021-12-06,30.03700065612793,29.908939361572266,658938000
2021-12-07,32.426998138427734,32.288753509521484,593053000
2021-12-08,31.826000213623047,31.6903133392334,475551000
2021-12-09,30.489999771118164,30.360010147094727,488507000
2021-12-10,30.197999954223633,30.06924819946289,488825000
2021-12-13,28.160999298095703,28.040939331054688,598344000
2021-12-14,28.336999893188477,28.216190338134766,667035000
2021-12-15,30.458999633789062,30.329137802124023,698297000
2021-12-16,28.386999130249023,28.265974044799805,707366000
2021-12-17,27.801000595092773,27.682476043701172,713758000
2021-12-20,27.7189998626709,27.6008243560791,461847000
2021-12-21,29.075000762939453,28.951040267944336,524385000
2021-12-22,29.399999618530273,29.274660110473633,395184000
2021-12-23,29.639999389648438,29.513635635375977,343022000
2021-12-27,30.94499969482422,30.813072204589844,403686000
2021-12-28,30.32200050354004,30.19272232055664,420591000
2021-12-29,30.000999450683594,29.873096466064453,343139000
2021-12-30,29.586000442504883,29.459867477416992,308864000
2021-12-31,29.410999298095703,29.28560447692871,266530000
2022-01-03,30.121000289916992,29.992582321166992,391547000
2022-01-04,29.290000915527344,29.165128707885742,527154000
2022-01-05,27.604000091552734,27.486312866210938,498064000
2022-01-06,28.17799949645996,28.057865142822266,454186000
2022-01-07,27.246999740600586,27.13083839416504,409939000
2022-01-10,27.399999618530273,27.283184051513672,594681000
2022-01-11,27.816999435424805,27.698406219482422,404089000
2022-01-12,27.999000549316406,27.879629135131836,383413000
2022-01-13,26.575000762939453,26.461702346801758,540171000
2022-01-14,26.941999435424805,26.827136993408203,395832000
2022-01-18,25.902999877929688,25.792566299438477,424270000
2022-01-19,25.066999435424805,24.96013069152832,488315000
2022-01-20,24.149999618530273,24.047033309936523,435181000
2022-01-21,23.374000549316406,23.274349212646484,718958000
2022-01-24,23.371999740600586,23.272356033325195,913982000
2022-01-25,22.323999404907227,22.228824615478516,664616000
2022-01-26,22.77199935913086,22.674917221069336,755959000
2022-01-27,21.944000244140625,21.850439071655273,573353000
2022-01-28,22.84000015258789,22.742624282836914,543774000
2022-01-31,24.486000061035156,24.381607055664062,564680000
2022-02-01,24.63800048828125,24.532958984375,518925000
2022-02-02,25.242000579833984,25.134387969970703,543419000
2022-02-03,23.947999954223633,23.845895767211914,410178000
2022-02-04,24.319000244140625,24.215320587158203,354829000
2022-02-07,24.72800064086914,24.622573852539062,376868000
2022-02-08,25.107999801635742,25.000953674316406,410359000
2022-02-09,26.704999923706055,26.59114646911621,524282000
2022-02-10,25.823999404907227,25.71390151977539,513200000
2022-02-11,23.948999404907227,23.846893310546875,605472000
2022-02-14,24.267000198364258,24.163541793823242,440424000
2022-02-15,26.4950008392334,26.382043838500977,699869000
2022-02-16,26.51099967956543,26.397972106933594,732676000
2022-02-17,24.506999969482422,24.402517318725586,810595000
2022-02-18,23.642000198364258,23.541200637817383,761255000
2022-02-22,23.389999389648438,23.290273666381836,633422000
2022-02-23,22.386999130249023,22.291553497314453,566511000
2022-02-24,23.74799919128418,23.646753311157227,735801000
2022-02-25,24.156999588012695,24.05401039123535,528866000
2022-02-28,24.385000228881836,24.281038284301758,477319000
2022-03-01,23.476999282836914,23.376911163330078,412056000
2022-03-02,24.219999313354492,24.120849609375,389642000
2022-03-03,23.714000701904297,23.616924285888672,365095000
2022-03-04,22.93600082397461,22.84210777282715,431415000
2022-03-07,21.351999282836914,21.26458740234375,450821000
2022-03-08,21.513999938964844,21.425928115844727,557467000
2022-03-09,23.013999938964844,22.919788360595703,492742000
2022-03-10,22.658000946044922,22.56524658203125,428066000
2022-03-11,22.100000381469727,22.009531021118164,367209000
2022-03-14,21.329999923706055,21.242679595947266,385354000
2022-03-15,22.972999572753906,22.878955841064453,491996000
2022-03-16,24.496000289916992,24.395723342895508,671422000
2022-03-17,24.766000747680664,24.66461944580078,471941000
2022-03-18,26.452999114990234,26.34470558166504,730719000
2022-03-21,26.733999252319336,26.624555587768555,591727000
2022-03-22,26.52400016784668,26.415422439575195,547007000
2022-03-23,25.634000778198242,25.529064178466797,502120000
2022-03-24,28.149999618530273,28.034761428833008,877379000
2022-03-25,27.691999435424805,27.57863426208496,579016000
2022-03-28,28.2189998626709,28.103477478027344,425494000
2022-03-29,28.6560001373291,28.5386905670166,488984000
2022-03-30,27.690000534057617,27.576641082763672,463487000
2022-03-31,27.285999298095703,27.174299240112305,523440000
2022-04-01,26.711999893188477,26.60264778137207,517235000
2022-04-04,27.360000610351562,27.24799346923828,397120000
2022-04-05,25.930999755859375,25.824846267700195,436615000
2022-04-06,24.406999588012695,24.307085037231445,703833000
2022-04-07,24.20800018310547,24.108896255493164,557992000
2022-04-08,23.118999481201172,23.02435874938965,524781000
2022-04-11,21.91699981689453,21.827280044555664,575207000
2022-04-12,21.503999710083008,21.41596794128418,662258000
2022-04-13,22.202999114990234,22.112104415893555,516943000
2022-04-14,21.257999420166016,21.170976638793945,569097000
2022-04-18,21.783000946044922,21.69382667541504,525701000
2022-04-19,22.197999954223633,22.107126235961914,512781000
2022-04-20,21.48200035095215,21.394058227539062,468974000
2022-04-21,20.183000564575195,20.10037612915039,656209000
2022-04-22,19.514999389648438,19.435110092163086,624713000
2022-04-25,19.902000427246094,19.82052993774414,641566000
2022-04-26,18.788000106811523,18.711091995239258,653143000
2022-04-27,18.415000915527344,18.33961296081543,499460000
2022-04-28,19.781999588012695,19.701017379760742,570327000
2022-04-29,18.547000885009766,18.4710750579834,500435000
2022-05-02,19.533000946044922,19.45303726196289,572049000
2022-05-03,19.601999282836914,19.521759033203125,475751000
2022-05-04,20.333999633789062,20.250757217407227,648855000
2022-05-05,18.8439998626709,18.766857147216797,626331000
2022-05-06,18.674999237060547,18.598552703857422,633297000
2022-05-09,16.950000762939453,16.880617141723633,644455000
2022-05-10,17.594999313354492,17.522968292236328,761474000
2022-05-11,16.6299991607666,16.561922073364258,670167000
2022-05-12,16.174999237060547,16.10878562927246,708728000
2022-05-13,17.70599937438965,17.633512496948242,670437000
2022-05-16,17.263999938964844,17.193323135375977,521446000
2022-05-17,18.177000045776367,18.102590560913086,585830000
2022-05-18,16.937999725341797,16.86865997314453,545161000
2022-05-19,17.124000549316406,17.053897857666016,621310000
2022-05-20,16.694000244140625,16.625659942626953,739105000
2022-05-23,16.898000717163086,16.828821182250977,639889000
2022-05-24,16.15399932861328,16.087867736816406,588550000
2022-05-25,16.975000381469727,16.905508041381836,781132000
2022-05-26,17.85099983215332,17.77791976928711,996575000
2022-05-27,18.81100082397461,18.733993530273438,738379000
2022-05-31,18.672000885009766,18.595563888549805,664100000
2022-06-01,18.31999969482422,18.24500274658203,544514000
2022-06-02,19.591999053955078,19.51179313659668,648656000
2022-06-03,18.719999313354492,18.64336395263672,598779000
2022-06-06,18.785999298095703,18.709096908569336,422406000
2022-06-07,18.926000595092773,18.84852409362793,388914000
2022-06-08,18.648000717163086,18.575592041015625,363252000
2022-06-09,18.04800033569336,17.97791862487793,395574000
2022-06-10,16.974000930786133,16.908090591430664,465248000
2022-06-13,15.647000312805176,15.586238861083984,604153000
2022-06-14,15.836000442504883,15.774505615234375,469680000
2022-06-15,16.527000427246094,16.46282386779785,563936000
2022-06-16,15.60099983215332,15.540419578552246,545749000
2022-06-17,15.880000114440918,15.818336486816406,630334000
2022-06-21,16.56599998474121,16.501670837402344,483089000
2022-06-22,16.360000610351562,16.29646873474121,437135000
2022-06-23,16.225000381469727,16.1619930267334,463680000
2022-06-24,17.125999450683594,17.05949592590332,472153000
2022-06-27,16.868999481201172,16.80349349975586,427968000
2022-06-28,15.982000350952148,15.919939041137695,461149000
2022-06-29,15.541999816894531,15.481647491455078,482352000
2022-06-30,15.159000396728516,15.100135803222656,686070000
2022-07-01,14.52299976348877,14.466605186462402,577610000
2022-07-05,14.96399974822998,14.905893325805664,651397000
2022-07-06,15.130000114440918,15.071249008178711,529066000
2022-07-07,15.857999801635742,15.79642105102539,492903000
2022-07-08,15.838000297546387,15.776498794555664,467972000
2022-07-11,15.152000427246094,15.093161582946777,437321000
2022-07-12,15.081999778747559,15.023432731628418,458483000
2022-07-13,15.163999557495117,15.105114936828613,521918000
2022-07-14,15.371999740600586,15.312307357788086,456235000
2022-07-15,15.76200008392334,15.700794219970703,385935000
2022-07-18,16.10099983215332,16.038482666015625,670517000
2022-07-19,16.992000579833984,16.926015853881836,702366000
2022-07-20,17.80699920654297,17.737852096557617,760538000
2022-07-21,18.049999237060547,17.979907989501953,557049000
2022-07-22,17.319000244140625,17.251747131347656,536671000
2022-07-25,17.02400016784668,16.95789337158203,480748000
2022-07-26,16.533000946044922,16.468799591064453,397865000
2022-07-27,17.790000915527344,17.72092056274414,569776000
2022-07-28,17.983999252319336,17.914161682128906,474646000
2022-07-29,18.163000106811523,18.092470169067383,435460000
2022-08-01,18.44099998474121,18.3693904876709,476469000
2022-08-02,18.525999069213867,18.454059600830078,489527000
2022-08-03,18.89299964904785,18.81963539123535,418146000
2022-08-04,19.21500015258789,19.140380859375,409652000
2022-08-05,18.98900032043457,18.915266036987305,386068000
2022-08-08,17.792999267578125,17.723907470703125,981859000
2022-08-09,17.086000442504883,17.0196533203125,668263000
2022-08-10,18.097000122070312,18.026723861694336,597422000
2022-08-11,17.941999435424805,17.87232780456543,509327000
2022-08-12,18.708999633789062,18.6363525390625,478094000
2022-08-15,19.031999588012695,18.95809555053711,457666000
2022-08-16,18.878999710083008,18.80569076538086,451240000
2022-08-17,18.334999084472656,18.2637996673584,446799000
2022-08-18,18.773000717163086,18.70009994506836,415447000
2022-08-19,17.849000930786133,17.77968978881836,441588000
2022-08-22,17.034000396728516,16.967853546142578,409593000
2022-08-23,17.180999755859375,17.114282608032227,369986000
2022-08-24,17.222000122070312,17.155122756958008,522661000
2022-08-25,17.913000106811523,17.84343910217285,770691000
2022-08-26,16.260000228881836,16.19685935974121,769127000
2022-08-29,15.800999641418457,15.739641189575195,496132000
2022-08-30,15.468000411987305,15.407936096191406,530181000
2022-08-31,15.093999862670898,15.035386085510254,573710000
2022-09-01,13.937000274658203,13.882879257202148,1178865000
2022-09-02,13.647000312805176,13.59400749206543,743157000
2022-09-06,13.46500015258789,13.412713050842285,535751000
2022-09-07,13.71399974822998,13.664803504943848,512657000
2022-09-08,13.989999771118164,13.93981647491455,624873000
2022-09-09,14.38700008392334,14.335390090942383,486612000
2022-09-12,14.505000114440918,14.45296859741211,484159000
2022-09-13,13.130999565124512,13.083894729614258,714956000
2022-09-14,13.128000259399414,13.08090877532959,588507000
2022-09-15,12.928999900817871,12.882620811462402,523625000
2022-09-16,13.197999954223633,13.150656700134277,670751000
2022-09-19,13.381999969482422,13.333996772766113,569685000
2022-09-20,13.175999641418457,13.128732681274414,524818000
2022-09-21,13.26099967956543,13.213430404663086,807679000
2022-09-22,12.560999870300293,12.515942573547363,759162000
2022-09-23,12.515999794006348,12.471102714538574,663309000
2022-09-26,12.227999687194824,12.184134483337402,547343000
2022-09-27,12.413000106811523,12.368473052978516,553854000
2022-09-28,12.736000061035156,12.690313339233398,542414000
2022-09-29,12.220000267028809,12.176165580749512,532763000
2022-09-30,12.138999938964844,12.09545612335205,565638000
2022-10-03,12.51200008392334,12.467116355895996,547478000
2022-10-04,13.166999816894531,13.119768142700195,584182000
2022-10-05,13.208999633789062,13.16161823272705,507131000
2022-10-06,13.130000114440918,13.08289909362793,644157000
2022-10-07,12.076000213623047,12.032681465148926,672478000
2022-10-10,11.670000076293945,11.62813663482666,698699000
2022-10-11,11.586000442504883,11.544438362121582,667482000
2022-10-12,11.5,11.458746910095215,492590000
2022-10-13,11.960000038146973,11.917097091674805,850103000
2022-10-14,11.22700023651123,11.186728477478027,713432000
2022-10-17,11.887999534606934,11.845355033874512,580774000
2022-10-18,11.967000007629395,11.924070358276367,659362000
2022-10-19,12.050999641418457,12.007769584655762,523131000
2022-10-20,12.194000244140625,12.150256156921387,652398000
2022-10-21,12.465999603271484,12.421281814575195,609494000
2022-10-24,12.598999977111816,12.553805351257324,517457000
2022-10-25,13.26099967956543,13.213430404663086,505482000
2022-10-26,12.895999908447266,12.849739074707031,532953000
2022-10-27,13.175999641418457,13.128732681274414,583113000
2022-10-28,13.833999633789062,13.78437328338623,521040000
2022-10-31,13.496999740600586,13.448582649230957,486341000
2022-11-01,13.543000221252441,13.494418144226074,432817000
2022-11-02,13.218999862670898,13.171581268310547,672628000
2022-11-03,13.420999526977539,13.372855186462402,500065000
2022-11-04,14.156000137329102,14.105219841003418,612576000
2022-11-07,14.300999641418457,14.249698638916016,410061000
2022-11-08,14.60200023651123,14.54962158203125,595292000
2022-11-09,13.776000022888184,13.726581573486328,454414000
2022-11-10,15.75,15.693499565124512,700819000
2022-11-11,16.32699966430664,16.268428802490234,655487000
2022-11-14,16.295000076293945,16.236547470092773,527852000
2022-11-15,16.666000366210938,16.606216430664062,545876000
2022-11-16,15.90999984741211,15.852927207946777,649547000
2022-11-17,15.677000045776367,15.620762825012207,710894000
2022-11-18,15.409000396728516,15.353726387023926,492072000
2022-11-21,15.317000389099121,15.262055397033691,404739000
2022-11-22,16.038000106811523,15.98046875,472866000
2022-11-23,16.518999099731445,16.459741592407227,427241000
2022-11-25,16.270000457763672,16.21163558959961,167934000
2022-11-28,15.82699966430664,15.77022647857666,303741000
2022-11-29,15.638999938964844,15.582900047302246,298384000
2022-11-30,16.92300033569336,16.866607666015625,565298000
2022-12-01,17.135000228881836,17.07790184020996,470977000
2022-12-02,16.875999450683594,16.819765090942383,371389000
2022-12-05,16.610000610351562,16.55465316772461,352255000
2022-12-06,15.987000465393066,15.933727264404297,352694000
2022-12-07,16.1200008392334,16.066280364990234,372388000
2022-12-08,17.16900062561035,17.111791610717773,515456000
2022-12-09,17.000999450683594,16.94434928894043,465338000
2022-12-12,17.53499984741211,17.4765682220459,457328000
2022-12-13,18.07200050354004,18.01177978515625,656589000
2022-12-14,17.673999786376953,17.61510467529297,496888000
2022-12-15,16.95199966430664,16.895511627197266,478542000
2022-12-16,16.570999145507812,16.51578140258789,478232000
2022-12-19,16.253999710083008,16.1998348236084,354039000
2022-12-20,16.084999084472656,16.03139877319336,403260000
2022-12-21,16.500999450683594,16.446014404296875,325025000
2022-12-22,15.33899974822998,15.287885665893555,565045000
2022-12-23,15.206000328063965,15.155328750610352,349326000
2022-12-27,14.121000289916992,14.073945999145508,464902000
2022-12-28,14.03600025177002,13.989229202270508,351066000
2022-12-29,14.602999687194824,14.554336547851562,354923000
2022-12-30,14.61400032043457,14.565300941467285,310490000
2023-01-03,14.3149995803833,14.267298698425293,401277000
2023-01-04,14.74899959564209,14.69985294342041,431324000
2023-01-05,14.265000343322754,14.217467308044434,389168000
2023-01-06,14.859000205993652,14.809486389160156,405044000
2023-01-09,15.628000259399414,15.575921058654785,504231000
2023-01-10,15.909000396728516,15.855985641479492,384101000
2023-01-11,16.000999450683594,15.947680473327637,353285000
2023-01-12,16.51099967956543,16.455976486206055,551409000
2023-01-13,16.89900016784668,16.84269142150879,447287000
2023-01-17,17.70199966430664,17.64301109313965,511102000
2023-01-18,17.37700080871582,17.3190975189209,439624000
2023-01-19,16.764999389648438,16.709131240844727,452932000
2023-01-20,17.839000701904297,17.779552459716797,564967000
2023-01-23,19.19300079345703,19.129043579101562,655163000
2023-01-24,19.264999389648438,19.200803756713867,496204000
2023-01-25,19.322999954223633,19.258607864379883,449537000
2023-01-26,19.802000045776367,19.73601722717285,489535000
2023-01-27,20.364999771118164,20.297143936157227,542142000
2023-01-30,19.16200065612793,19.098148345947266,488611000
2023-01-31,19.53700065612793,19.471895217895508,498017000
2023-02-01,20.94300079345703,20.87321662902832,660477000
2023-02-02,21.708999633789062,21.63665771484375,564276000
2023-02-03,21.100000381469727,21.029687881469727,429366000
2023-02-06,21.089000701904297,21.01872444152832,452197000
2023-02-07,22.17300033569336,22.09911346435547,664150000
2023-02-08,22.204999923706055,22.131006240844727,559651000
2023-02-09,22.336999893188477,22.26256561279297,523876000
2023-02-10,21.264999389648438,21.194135665893555,550737000
2023-02-13,21.788000106811523,21.715396881103516,474919000
2023-02-14,22.97100067138672,22.89445686340332,675474000
2023-02-15,22.763999938964844,22.688140869140625,420575000
2023-02-16,22.00200080871582,21.92868423461914,412026000
2023-02-17,21.38800048828125,21.31673240661621,465888000
2023-02-21,20.655000686645508,20.586172103881836,410015000
2023-02-22,20.753999710083008,20.68484115600586,513184000
2023-02-23,23.663999557495117,23.585142135620117,1117995000
2023-02-24,23.285999298095703,23.208402633666992,589716000
2023-02-27,23.500999450683594,23.422691345214844,452994000
2023-02-28,23.215999603271484,23.138639450073242,455963000
2023-03-01,22.697999954223633,22.62236785888672,460026000
2023-03-02,23.31399917602539,23.23630714416504,389415000
2023-03-03,23.889999389648438,23.81039047241211,412393000
2023-03-06,23.554000854492188,23.475513458251953,437429000
2023-03-07,23.288000106811523,23.214338302612305,515154000
2023-03-08,24.180999755859375,24.104515075683594,513573000
2023-03-09,23.43600082397461,23.36186981201172,501257000
2023-03-10,22.96500015258789,22.89236068725586,474866000
2023-03-13,22.965999603271484,22.893356323242188,421890000
2023-03-14,24.062999725341797,23.98689079284668,474910000
2023-03-15,24.22800064086914,24.1513671875,524486000
2023-03-16,25.541000366210938,25.460214614868164,583253000
2023-03-17,25.725000381469727,25.643632888793945,848547000
2023-03-20,25.899999618530273,25.818077087402344,432747000
2023-03-21,26.198999404907227,26.116132736206055,547408000
2023-03-22,26.468000411987305,26.3842830657959,797295000
2023-03-23,27.19099998474121,27.104995727539062,564889000
2023-03-24,26.77899932861328,26.694297790527344,454920000
2023-03-27,26.5310001373291,26.447078704833984,361026000
2023-03-28,26.40999984741211,26.32646942138672,356104000
2023-03-29,26.983999252319336,26.898649215698242,393694000
2023-03-30,27.382999420166016,27.296388626098633,364516000
2023-03-31,27.777000427246094,27.68914031982422,433933000
2023-04-03,27.96500015258789,27.87654685974121,398716000
2023-04-04,27.452999114990234,27.366165161132812,368592000
2023-04-05,26.881000518798828,26.795976638793945,515015000
2023-04-06,27.03700065612793,26.95148277282715,397654000
2023-04-10,27.57900047302246,27.491764068603516,395279000
2023-04-11,27.16900062561035,27.083065032958984,314378000
2023-04-12,26.4950008392334,26.41119956970215,446259000
2023-04-13,26.46299934387207,26.379295349121094,353615000
2023-04-14,26.757999420166016,26.673362731933594,395660000
2023-04-17,27.00200080871582,26.916593551635742,321471000
2023-04-18,27.66699981689453,27.57948875427246,604812000
2023-04-19,27.930999755859375,27.842653274536133,358660000
2023-04-20,27.104000091552734,27.018272399902344,427713000
2023-04-21,27.118999481201172,27.033222198486328,345103000
2023-04-24,27.04199981689453,26.956464767456055,339282000
2023-04-25,26.240999221801758,26.158002853393555,378527000
2023-04-26,26.95599937438965,26.870737075805664,406337000
2023-04-27,27.22599983215332,27.139881134033203,377161000
2023-04-28,27.749000549316406,27.661230087280273,292216000
2023-05-01,28.90999984741211,28.818559646606445,570329000
2023-05-02,28.209999084472656,28.120771408081055,402730000
2023-05-03,27.802000045776367,27.71406364440918,383387000
2023-05-04,27.562000274658203,27.474822998046875,321850000
2023-05-05,28.68000030517578,28.589282989501953,361494000
2023-05-08,29.150999069213867,29.058795928955078,344979000
2023-05-09,28.570999145507812,28.480628967285156,314869000
2023-05-10,28.885000228881836,28.793638229370117,369350000
2023-05-11,28.577999114990234,28.487606048583984,322149000
2023-05-12,28.34000015258789,28.250362396240234,274222000
2023-05-15,28.952999114990234,28.861421585083008,293926000
2023-05-16,29.21299934387207,29.1205997467041,449405000
2023-05-17,30.17799949645996,30.082548141479492,432535000
2023-05-18,31.67799949645996,31.57779884338379,748725000
2023-05-19,31.263999938964844,31.165111541748047,473908000
2023-05-22,31.176000595092773,31.077390670776367,372000000
2023-05-23,30.687999725341797,30.5909366607666,356253000
2023-05-24,30.538000106811523,30.441408157348633,721419000
2023-05-25,37.97999954223633,37.8598747253418,1543911000
2023-05-26,38.94599914550781,38.822818756103516,714397000
2023-05-30,40.111000061035156,39.984134674072266,923401000
2023-05-31,37.83399963378906,37.71433639526367,1002580000
2023-06-01,39.77000045776367,39.64420700073242,635873000
2023-06-02,39.32699966430664,39.20261001586914,482731000
2023-06-05,39.17100143432617,39.0471076965332,396094000
2023-06-06,38.65399932861328,38.531734466552734,388729000
2023-06-07,37.474998474121094,37.36033630371094,511998000
2023-06-08,38.5099983215332,38.39215850830078,417772000
2023-06-09,38.77000045776367,38.65137481689453,427717000
2023-06-12,39.481998443603516,39.3611946105957,388701000
2023-06-13,41.02199935913086,40.89646911621094,613208000
2023-06-14,42.99700164794922,42.865440368652344,740465000
2023-06-15,42.65299987792969,42.52248764038086,568622000
2023-06-16,42.69200134277344,42.561370849609375,655709000
2023-06-20,43.80799865722656,43.673954010009766,451153000
2023-06-21,43.04499816894531,42.91329574584961,551603000
2023-06-22,43.025001525878906,42.893348693847656,417737000
2023-06-23,42.20899963378906,42.07985305786133,358140000
2023-06-26,40.63199996948242,40.507667541503906,594322000
2023-06-27,41.875999450683594,41.74787521362305,462175000
2023-06-28,41.117000579833984,40.991188049316406,582639000
2023-06-29,40.821998596191406,40.69709014892578,380514000
2023-06-30,42.301998138427734,42.17257308959961,501148000
2023-07-03,42.41299819946289,42.28321838378906,198209000
2023-07-05,42.31700134277344,42.18750762939453,323618000
2023-07-06,42.10300064086914,41.97417449951172,303582000
2023-07-07,42.50299835205078,42.37294387817383,355881000
2023-07-10,42.18000030517578,42.05093002319336,353908000
2023-07-11,42.404998779296875,42.27523422241211,298244000
2023-07-12,43.902000427246094,43.76766586303711,481277000
2023-07-13,45.97700119018555,45.83631134033203,478204000
2023-07-14,45.46900177001953,45.32987594604492,772075000
2023-07-17,46.46099853515625,46.31883239746094,510488000
2023-07-18,47.49399948120117,47.34868240356445,569164000
2023-07-19,47.07699966430664,46.932952880859375,427502000
2023-07-20,45.52000045776367,45.380714416503906,537865000
2023-07-21,44.308998107910156,44.17341613769531,963769000
2023-07-24,44.61199951171875,44.47549819946289,382516000
2023-07-25,45.67900085449219,45.53923034667969,348081000
2023-07-26,45.45199966430664,45.31292724609375,364237000
2023-07-27,45.900001525878906,45.75955581665039,455976000
2023-07-28,46.75,46.606956481933594,331194000
2023-07-31,46.729000091552734,46.58600997924805,251055000
2023-08-01,46.50699996948242,46.36469650268555,237858000
2023-08-02,44.26900100708008,44.133544921875,530142000
2023-08-03,44.51499938964844,44.37879180908203,324176000
2023-08-04,44.68000030517578,44.54328536987305,362666000
2023-08-07,45.41699981689453,45.27803039550781,322154000
2023-08-08,44.66400146484375,44.527339935302734,353843000
2023-08-09,42.55400085449219,42.423789978027344,586449000
2023-08-10,42.38800048828125,42.258304595947266,492705000
2023-08-11,40.85499954223633,40.72998809814453,533085000
2023-08-14,43.75299835205078,43.619117736816406,690286000
2023-08-15,43.939998626708984,43.8055419921875,676512000
2023-08-16,43.486000061035156,43.352943420410156,527451000
2023-08-17,43.34400177001953,43.21137237548828,452395000
2023-08-18,43.29899978637695,43.16651153564453,583768000
2023-08-21,46.96699905395508,46.82328796386719,692573000
2023-08-22,45.667999267578125,45.52826690673828,755293000
2023-08-23,47.11600112915039,46.971832275390625,779046000
2023-08-24,47.16299819946289,47.01869583129883,1156044000
2023-08-25,46.018001556396484,45.87718963623047,925341000
2023-08-28,46.834999084472656,46.69169616699219,685192000
2023-08-29,48.784000396728516,48.634727478027344,701397000
2023-08-30,49.263999938964844,49.11326217651367,735206000
2023-08-31,49.35499954223633,49.2039794921875,528570000
2023-09-01,48.50899887084961,48.360565185546875,463830000
2023-09-05,48.54800033569336,48.399452209472656,382653000
2023-09-06,47.06100082397461,46.920860290527344,468670000
2023-09-07,46.24100112915039,46.10330581665039,433330000
2023-09-08,45.571998596191406,45.43629455566406,473069000
2023-09-11,45.178001403808594,45.04347610473633,473966000
2023-09-12,44.869998931884766,44.73638916015625,349256000
2023-09-13,45.48500061035156,45.349552154541016,398355000
2023-09-14,45.58100128173828,45.44527053833008,370097000
2023-09-15,43.900001525878906,43.76927947998047,506831000
2023-09-18,43.965999603271484,43.835079193115234,500271000
2023-09-19,43.52000045776367,43.390411376953125,373064000
2023-09-20,42.23899841308594,42.11321258544922,367108000
2023-09-21,41.016998291015625,40.89485549926758,450736000
2023-09-22,41.61000061035156,41.48609924316406,479236000
2023-09-25,42.22200012207031,42.096275329589844,419091000
2023-09-26,41.9109992980957,41.78619384765625,402282000
2023-09-27,42.46799850463867,42.34153747558594,444935000
2023-09-28,43.0890007019043,42.96070098876953,424663000
2023-09-29,43.499000549316406,43.369476318359375,397830000
2023-10-02,44.78200149536133,44.648651123046875,433298000
2023-10-03,43.516998291015625,43.38741683959961,470850000
2023-10-04,44.04100036621094,43.90985870361328,361821000
2023-10-05,44.6879997253418,44.554931640625,393483000
2023-10-06,45.762001037597656,45.625736236572266,434436000
2023-10-09,45.27299880981445,45.138187408447266,409675000
2023-10-10,45.79800033569336,45.661624908447266,368582000
2023-10-11,46.805999755859375,46.6666259765625,378137000
2023-10-12,46.94499969482422,46.80521011352539,481325000
2023-10-13,45.46099853515625,45.32563400268555,474115000
2023-10-16,46.095001220703125,45.957740783691406,375099000
2023-10-17,43.9379997253418,43.80716323852539,812333000
2023-10-18,42.19599914550781,42.070350646972656,627294000
2023-10-19,42.10100173950195,41.97563934326172,501233000
2023-10-20,41.387001037597656,41.263771057128906,477266000
2023-10-23,42.974998474121094,42.84703063964844,478530000
2023-10-24,43.66299819946289,43.53297805786133,401463000
2023-10-25,41.77899932861328,41.65459442138672,398379000
2023-10-26,40.32600021362305,40.20592498779297,541001000
2023-10-27,40.5,40.3794059753418,416784000
2023-10-30,41.1609992980957,41.03843688964844,388028000
2023-10-31,40.779998779296875,40.6585693359375,517969000
2023-11-01,42.32500076293945,42.19896697998047,437593000
2023-11-02,43.50600051879883,43.37645721435547,409172000
2023-11-03,45.005001068115234,44.8709831237793,424610000
2023-11-06,45.750999450683594,45.61476135253906,400733000
2023-11-07,45.95500183105469,45.81816864013672,343165000
2023-11-08,46.57400131225586,46.43531799316406,346719000
2023-11-09,46.95000076293945,46.81019973754883,540496000
2023-11-10,48.334999084472656,48.19106674194336,421245000
2023-11-13,48.619998931884766,48.4752197265625,384136000
2023-11-14,49.65599822998047,49.50813293457031,416954000
2023-11-15,48.88800048828125,48.74242401123047,475497000
2023-11-16,49.47999954223633,49.33266830444336,339756000
2023-11-17,49.29800033569336,49.151206970214844,325205000
2023-11-20,50.409000396728516,50.2588996887207,414120000
2023-11-21,49.944000244140625,49.79528045654297,565747000
2023-11-22,48.715999603271484,48.57094192504883,899420000
2023-11-24,47.7760009765625,47.63374328613281,294645000
2023-11-27,48.242000579833984,48.098350524902344,395662000
2023-11-28,47.82099914550781,47.67860794067383,401491000
2023-11-29,48.13999938964844,47.99665069580078,382005000
2023-11-30,46.77000045776367,46.63072967529297,526247000
2023-12-01,46.76499938964844,46.62574768066406,369317000
2023-12-04,45.5099983215332,45.37448501586914,437543000
2023-12-05,46.566001892089844,46.43142318725586,371718000
2023-12-06,45.50299835205078,45.37149429321289,380590000
2023-12-07,46.59600067138672,46.461334228515625,350823000
2023-12-08,47.50600051879883,47.368709564208984,359224000
2023-12-11,46.62699890136719,46.49224853515625,509728000
2023-12-12,47.65700149536133,47.5192756652832,372387000
2023-12-13,48.0880012512207,47.94902038574219,447792000
2023-12-14,48.349998474121094,48.210262298583984,391232000
2023-12-15,48.88999938964844,48.74870300292969,479948000
2023-12-18,50.07699966430664,49.932273864746094,412587000
2023-12-19,49.604000091552734,49.46064758300781,464444000
2023-12-20,48.111000061035156,47.971954345703125,397894000
2023-12-21,48.9900016784668,48.84842300415039,300425000
2023-12-22,48.83000183105469,48.688873291015625,252507000
2023-12-26,49.27899932861328,49.1365852355957,244200000
2023-12-27,49.41699981689453,49.27418899536133,233648000
2023-12-28,49.52199935913086,49.37887954711914,246587000
2023-12-29,49.52199935913086,49.37887954711914,389293000
2024-01-02,48.167999267578125,48.028785705566406,411254000
2024-01-03,47.569000244140625,47.431522369384766,320896000
2024-01-04,47.99800109863281,47.859291076660156,306535000
2024-01-05,49.09700012207031,48.955101013183594,415039000
2024-01-08,52.25299835205078,52.101985931396484,642510000
2024-01-09,53.13999938964844,52.98643112182617,773100000
2024-01-10,54.349998474121094,54.192928314208984,533796000
2024-01-11,54.821998596191406,54.66355895996094,596759000
2024-01-12,54.709999084472656,54.551883697509766,352994000
2024-01-16,56.38199996948242,56.219051361083984,449580000
2024-01-17,56.053001403808594,55.89101028442383,474394000
2024-01-18,57.106998443603516,56.94195556640625,491650000
2024-01-19,59.49100112915039,59.319068908691406,543501000
2024-01-22,59.65399932861328,59.48159408569336,452955000
2024-01-23,59.87300109863281,59.699974060058594,294654000
2024-01-24,61.36199951171875,61.184669494628906,560271000
2024-01-25,61.617000579833984,61.43892288208008,482777000
2024-01-26,61.03099822998047,60.854618072509766,390309000
2024-01-29,62.46500015258789,62.28446960449219,348733000
2024-01-30,62.77399826049805,62.59257888793945,410735000
2024-01-31,61.527000427246094,61.349178314208984,453795000
2024-02-01,63.027000427246094,62.84485626220703,369146000
2024-02-02,66.16000366210938,65.96880340576172,476578000
2024-02-05,69.33200073242188,69.13164520263672,680078000
2024-02-06,68.2229995727539,68.02584075927734,683111000
2024-02-07,70.0989990234375,69.89640045166016,495575000
2024-02-08,69.64099884033203,69.43973541259766,414422000
2024-02-09,72.13300323486328,71.92452239990234,436637000
2024-02-12,72.24800109863281,72.03919219970703,613710000
2024-02-13,72.12799835205078,71.9195327758789,602580000
2024-02-14,73.9000015258789,73.68643188476562,504917000
2024-02-15,72.65799713134766,72.44801330566406,420122000
2024-02-16,72.61299896240234,72.40314483642578,495327000
2024-02-20,69.4520034790039,69.25128173828125,704833000
2024-02-21,67.47200012207031,67.27701568603516,673755000
2024-02-22,78.53800201416016,78.31103515625,865100000
2024-02-23,78.81700134277344,78.58921813964844,829388000
2024-02-26,79.09200286865234,78.8634262084961,503973000
2024-02-27,78.70099639892578,78.47354888916016,391705000
2024-02-28,77.66300201416016,77.43855285644531,393110000
2024-02-29,79.11199951171875,78.88336944580078,507289000
2024-03-01,82.27899932861328,82.04121398925781,479135000
2024-03-04,85.23699951171875,84.99065399169922,615616000
2024-03-05,85.96399688720703,85.71957397460938,520639000
2024-03-06,88.69999694824219,88.44779968261719,582520000
2024-03-07,92.66899871826172,92.405517578125,608119000
2024-03-08,87.52799987792969,87.27913665771484,1142269000
2024-03-11,85.77400207519531,85.53011322021484,678364000
2024-03-12,91.91300201416016,91.65167999267578,668075000
2024-03-13,90.88800048828125,90.62957763671875,635713000
2024-03-14,87.94400024414062,87.69395446777344,602318000
2024-03-15,87.83699798583984,87.5872573852539,642086000
2024-03-18,88.45500183105469,88.20348358154297,668976000
2024-03-19,89.39800262451172,89.1438217163086,672171000
2024-03-20,90.37200164794922,90.11505126953125,479063000
2024-03-21,91.43499755859375,91.17501068115234,480372000
2024-03-22,94.28900146484375,94.02091217041016,586719000
2024-03-25,95.00199890136719,94.73188781738281,552136000
2024-03-26,92.56099700927734,92.2978286743164,513648000
2024-03-27,90.25,89.99340057373047,586067000
2024-03-28,90.35600280761719,90.0990982055664,435212000
2024-04-01,90.36299896240234,90.1060791015625,452441000
2024-04-02,89.4520034790039,89.1976547241211,433064000
2024-04-03,88.96399688720703,88.7110595703125,370067000
2024-04-04,85.90499877929688,85.6607437133789,434965000
2024-04-05,88.00800323486328,87.75775909423828,399678000
2024-04-08,87.13300323486328,86.88525390625,283220000
2024-04-09,85.35399627685547,85.1113052368164,501700000
2024-04-10,87.03900146484375,86.79151916503906,431929000
2024-04-11,90.61599731445312,90.35834503173828,431637000
2024-04-12,88.18599700927734,87.93524932861328,426805000
2024-04-15,86.0009994506836,85.7564697265625,443077000
2024-04-16,87.41500091552734,87.16645812988281,370453000
2024-04-17,84.03500366210938,83.79608917236328,495400000
2024-04-18,84.6709976196289,84.43025970458984,447260000
2024-04-19,76.19999694824219,75.98334503173828,875198000
2024-04-22,79.51799774169922,79.29191589355469,596341000
2024-04-23,82.4229965209961,82.18864440917969,438559000
2024-04-24,79.677001953125,79.45044708251953,512208000
2024-04-25,82.63200378417969,82.3970718383789,424641000
2024-04-26,87.73500061035156,87.48554229736328,551011000
2024-04-29,87.75700378417969,87.50749206542969,388971000
2024-04-30,86.4020004272461,86.15632629394531,363709000
2024-05-01,83.04100036621094,82.80488586425781,559863000
2024-05-02,85.81700134277344,85.57300567626953,377898000
2024-05-03,88.78900146484375,88.53654479980469,398341000
2024-05-06,92.13999938964844,91.87801361083984,376203000
2024-05-07,90.55400085449219,90.2965316772461,437342000
2024-05-08,90.41200256347656,90.15493774414062,325721000
2024-05-09,88.74700164794922,88.49466705322266,378013000
2024-05-10,89.87799835205078,89.62244415283203,335325000
2024-05-13,90.39900207519531,90.14198303222656,289680000
2024-05-14,91.35600280761719,91.09626007080078,296507000
2024-05-15,94.62999725341797,94.36094665527344,417735000
2024-05-16,94.35900115966797,94.09070587158203,323952000
2024-05-17,92.47899627685547,92.21604919433594,359691000
2024-05-20,94.77999877929688,94.51049041748047,318764000
2024-05-21,95.38600158691406,95.11479949951172,328946000
2024-05-22,94.94999694824219,94.68002319335938,548648000
2024-05-23,103.79900360107422,103.50387573242188,835065000
2024-05-24,106.46900177001953,106.16626739501953,429494000
2024-05-28,113.9010009765625,113.57715606689453,652728000
2024-05-29,114.82499694824219,114.49851989746094,557442000
2024-05-30,110.5,110.18582916259766,484553000
2024-05-31,109.63300323486328,109.32128143310547,613263000
2024-06-03,115.0,114.67301940917969,438392000
2024-06-04,116.43699645996094,116.10594177246094,403324000
2024-06-05,122.44000244140625,122.09187316894531,528402000
2024-06-06,120.99800109863281,120.65396118164062,664696000
2024-06-07,120.88800048828125,120.54428100585938,412386000
2024-06-10,121.79000091552734,121.44371795654297,313434100
2024-06-11,120.91000366210938,120.57612609863281,222551200
2024-06-12,125.19999694824219,124.8542709350586,299595000
2024-06-13,129.61000061035156,129.25210571289062,260704500
2024-06-14,131.8800048828125,131.51583862304688,309320400
2024-06-17,130.97999572753906,130.61831665039062,288504400
2024-06-18,135.5800018310547,135.2056121826172,294335100
2024-06-20,130.77999877929688,130.41888427734375,517768400
2024-06-21,126.56999969482422,126.22049713134766,649445800
2024-06-24,118.11000061035156,117.78384399414062,476060900
2024-06-25,126.08999633789062,125.74181365966797,414192600
2024-06-26,126.4000015258789,126.05095672607422,362975900
2024-06-27,123.98999786376953,123.64761352539062,252571700
2024-06-28,123.54000091552734,123.19886016845703,315516700
2024-07-01,124.30000305175781,123.95675659179688,284885500
2024-07-02,122.66999816894531,122.33126068115234,218374000
2024-07-03,128.27999877929688,127.92578887939453,215749000
2024-07-05,125.83000183105469,125.4825439453125,214176700
2024-07-08,128.1999969482422,127.8459701538086,237677300
2024-07-09,131.3800048828125,131.0172119140625,285366600
2024-07-10,134.91000366210938,134.53746032714844,248978600
2024-07-11,127.4000015258789,127.0481948852539,374782700
2024-07-12,129.24000549316406,128.88314819335938,252680500
2024-07-15,128.44000244140625,128.08534240722656,208326200
2024-07-16,126.36000061035156,126.01107025146484,214769500
2024-07-17,117.98999786376953,117.6641845703125,390086200
2024-07-18,121.08999633789062,120.75560760498047,320979500
2024-07-19,117.93000030517578,117.60435485839844,217223800
2024-07-22,123.54000091552734,123.19886016845703,258068900
2024-07-23,122.58999633789062,122.25148010253906,173911000
2024-07-24,114.25,113.93452453613281,327776900
2024-07-25,112.27999877929688,111.9699478149414,460067000
2024-07-26,113.05999755859375,112.74779510498047,293399100
2024-07-29,111.58999633789062,111.2818603515625,248152100
2024-07-30,103.7300033569336,103.44356536865234,486833300
2024-07-31,117.0199966430664,116.69685363769531,473174200
2024-08-01,109.20999908447266,108.9084243774414,523462300
2024-08-02,107.2699966430664,106.97378540039062,482027500
2024-08-05,100.44999694824219,100.17261505126953,552842400
2024-08-06,104.25,103.96212005615234,409012100
2024-08-07,98.91000366210938,98.63687133789062,411440400
2024-08-08,104.97000122070312,104.68012237548828,391910000
2024-08-09,104.75,104.46074676513672,290844200
2024-08-12,109.0199966430664,108.71896362304688,325559900
2024-08-13,116.13999938964844,115.81929016113281,312646700
2024-08-14,118.08000183105469,117.75394439697266,339246400
2024-08-15,122.86000061035156,122.52073669433594,318086700
2024-08-16,124.58000183105469,124.2359848022461,302589900
2024-08-19,130.0,129.64102172851562,318333600
2024-08-20,127.25,126.89860534667969,300087400
2024-08-21,128.5,128.14517211914062,257883600
2024-08-22,123.73999786376953,123.39830017089844,376189100
2024-08-23,129.3699951171875,129.01275634765625,323230300
2024-08-26,126.45999908447266,126.11080932617188,331964700
2024-08-27,128.3000030517578,127.94573211669922,303134600
2024-08-28,125.61000061035156,125.26314544677734,448101100
2024-08-29,117.58999633789062,117.26528930664062,453023300
2024-08-30,119.37000274658203,119.04037475585938,333751600
2024-09-03,108.0,107.70176696777344,477155100
2024-09-04,106.20999908447266,105.91671752929688,372470300
2024-09-05,107.20999908447266,106.91394805908203,306850700
2024-09-06,102.83000183105469,102.5460433959961,413638100
2024-09-09,106.47000122070312,106.17599487304688,273912000
2024-09-10,108.0999984741211,107.80148315429688,268283700
2024-09-11,116.91000366210938,116.58717346191406,441422400
2024-09-12,119.13999938964844,118.82118225097656,366052700
2024-09-13,119.0999984741211,118.7812728881836,238358300
2024-09-16,116.77999877929688,116.46748352050781,248772300
2024-09-17,115.58999633789062,115.28067016601562,231925900
2024-09-18,113.37000274658203,113.06661224365234,310318900
2024-09-19,117.87000274658203,117.55458068847656,293506400
2024-09-20,116.0,115.68958282470703,382462400
2024-09-23,116.26000213623047,115.9488754272461,206228500
2024-09-24,120.87000274658203,120.54654693603516,354966800
2024-09-25,123.51000213623047,123.17948150634766,284692900
2024-09-26,124.04000091552734,123.70806121826172,302582900
2024-09-27,121.4000015258789,121.07511901855469,271009200
2024-09-30,121.44000244140625,121.11502838134766,226553700
2024-10-01,117.0,116.6868896484375,302094500
2024-10-02,118.8499984741211,118.53194427490234,221845900
2024-10-03,122.8499984741211,122.521240234375,277118000
2024-10-04,124.91999816894531,124.58570098876953,243678100
2024-10-07,127.72000122070312,127.37821197509766,346250200
2024-10-08,132.88999938964844,132.53436279296875,285722500
2024-10-09,132.64999389648438,132.29502868652344,246191600
2024-10-10,134.80999755859375,134.44923400878906,242311300
2024-10-11,134.8000030517578,134.43927001953125,170209500
2024-10-14,138.07000732421875,137.7005157470703,232347700
2024-10-15,131.60000610351562,131.24783325195312,377831000
2024-10-16,135.72000122070312,135.3568115234375,264879700
2024-10-17,136.92999267578125,136.5635528564453,306435900
2024-10-18,138.0,137.6306915283203,176090200
2024-10-21,143.7100067138672,143.32542419433594,264554500
2024-10-22,143.58999633789062,143.2057342529297,226311600
2024-10-23,139.55999755859375,139.18653869628906,285930000
2024-10-24,140.41000366210938,140.03428649902344,172354900
2024-10-25,141.5399932861328,141.1612091064453,205122100
2024-10-28,140.52000427246094,140.14395141601562,173586700
2024-10-29,141.25,140.87200927734375,157593600
2024-10-30,139.33999633789062,138.9670867919922,179418100
2024-10-31,132.75999450683594,132.40472412109375,270039600
2024-11-01,135.39999389648438,135.03765869140625,207127800
2024-11-04,136.0500030517578,135.68592834472656,187528200
2024-11-05,139.91000366210938,139.53558349609375,160537400
2024-11-06,145.61000061035156,145.22032165527344,242043900
2024-11-07,148.8800048828125,148.48159790039062,207323300
2024-11-08,147.6300048828125,147.2349395751953,175665800
2024-11-11,145.25999450683594,144.8712921142578,182325600
2024-11-12,148.2899932861328,147.89315795898438,198634700
2024-11-13,146.27000427246094,145.8785858154297,191903300
2024-11-14,146.75999450683594,146.36724853515625,194463300
2024-11-15,141.97999572753906,141.60006713867188,250132900
2024-11-18,140.14999389648438,139.77493286132812,221205300
2024-11-19,147.00999450683594,146.6165771484375,227834900
2024-11-20,145.88999938964844,145.4995880126953,309871700
2024-11-21,146.6699981689453,146.27748107910156,400946600
2024-11-22,141.9499969482422,141.5701446533203,236406200
2024-11-25,136.02000427246094,135.656005859375,344941900
2024-11-26,136.9199981689453,136.5535888671875,190287700
2024-11-27,135.33999633789062,134.9778289794922,226370900
2024-11-29,138.25,137.88002014160156,141863200
2024-12-02,138.6300048828125,138.25904846191406,171682800
2024-12-03,140.25999450683594,139.8846435546875,164414000
2024-12-04,145.13999938964844,144.7515869140625,231224300
2024-12-05,145.05999755859375,144.68177795410156,172621200
2024-12-06,142.44000244140625,142.06861877441406,188505600
2024-12-09,138.80999755859375,138.44805908203125,189308600
2024-12-10,135.07000732421875,134.7178192138672,210020900
2024-12-11,139.30999755859375,138.94676208496094,184905200
2024-12-12,137.33999633789062,136.98190307617188,159211400
2024-12-13,134.25,133.89996337890625,231514900
2024-12-16,132.0,131.6558074951172,237951100
2024-12-17,130.38999938964844,130.05001831054688,259410300
2024-12-18,128.91000366210938,128.57388305664062,277444500
2024-12-19,130.67999267578125,130.33924865722656,209719200
2024-12-20,134.6999969482422,134.34878540039062,306528600
2024-12-23,139.6699981689453,139.30581665039062,176053500
2024-12-24,140.22000122070312,139.85440063476562,105157000
2024-12-26,139.92999267578125,139.5651397705078,116205600
2024-12-27,137.00999450683594,136.6527557373047,170582600
2024-12-30,137.49000549316406,137.13150024414062,167734700
2024-12-31,134.2899932861328,133.9398651123047,155659200
2025-01-02,138.30999755859375,137.94935607910156,198247200
2025-01-03,144.47000122070312,144.09332275390625,229322500
2025-01-06,149.42999267578125,149.0404052734375,265377400
2025-01-07,140.13999938964844,139.7745819091797,351782200
2025-01-08,140.11000061035156,139.7447052001953,227349900
2025-01-10,135.91000366210938,135.55564880371094,207602500
2025-01-13,133.22999572753906,132.8826141357422,204808900
2025-01-14,131.75999450683594,131.41644287109375,195590500
2025-01-15,136.24000549316406,135.88479614257812,185217300
2025-01-16,133.57000732421875,133.2217559814453,209235600
2025-01-17,137.7100067138672,137.35093688964844,201188800
2025-01-21,140.8300018310547,140.4628143310547,197749000
2025-01-22,147.07000732421875,146.6865692138672,237651400
2025-01-23,147.22000122070312,146.83615112304688,155915500
2025-01-24,142.6199951171875,142.24813842773438,234657600
2025-01-27,118.41999816894531,118.11123657226562,818830900
2025-01-28,128.99000549316406,128.65370178222656,579666400
2025-01-29,123.69999694824219,123.37747955322266,467120600
2025-01-30,124.6500015258789,124.32499694824219,392925500
2025-01-31,120.06999969482422,119.75694274902344,388161100
2025-02-03,116.66000366210938,116.3558349609375,371235700
2025-02-04,118.6500015258789,118.34063720703125,256550000
2025-02-05,124.83000183105469,124.50453186035156,262230800
2025-02-06,128.67999267578125,128.344482421875,251483600
2025-02-07,129.83999633789062,129.50144958496094,228186300
2025-02-10,133.57000732421875,133.2217559814453,216989100
2025-02-11,132.8000030517578,132.45375061035156,178902400
2025-02-12,131.13999938964844,130.79808044433594,160278600
2025-02-13,135.2899932861328,134.93724060058594,197430000
2025-02-14,138.85000610351562,138.48797607421875,195479600
2025-02-18,139.39999389648438,139.03652954101562,219176600
2025-02-19,139.22999572753906,138.8669891357422,167536000
2025-02-20,140.11000061035156,139.7447052001953,143903600
2025-02-21,134.42999267578125,134.07949829101562,228217600
2025-02-24,130.27999877929688,129.94032287597656,251381100
2025-02-25,126.62999725341797,126.29983520507812,271428700
2025-02-26,131.27999877929688,130.93771362304688,322553800
2025-02-27,120.1500015258789,119.83673095703125,443175800
2025-02-28,124.91999816894531,124.59428405761719,389091100
2025-03-03,114.05999755859375,113.76260375976562,411381400
2025-03-04,115.98999786376953,115.68758392333984,398163300
2025-03-05,117.30000305175781,116.9941635131836,284337900
2025-03-06,110.56999969482422,110.2817153930664,321181900
2025-03-07,112.69000244140625,112.39618682861328,341755500
2025-03-10,106.9800033569336,106.70106506347656,366487400
2025-03-11,108.76000213623047,108.47642517089844,354865700
2025-03-12,115.73999786376953,115.4488525390625,323857500
2025-03-13,115.58000183105469,115.28924560546875,299033100
2025-03-14,121.66999816894531,121.36392211914062,277593500
2025-03-17,119.52999877929688,119.22930145263672,255501500
2025-03-18,115.43000030517578,115.1396255493164,299686900
2025-03-19,117.5199966430664,117.224365234375,273426200
2025-03-20,118.52999877929688,118.23182678222656,248829700
2025-03-21,117.69999694824219,117.4039077758789,266498500
2025-03-24,121.41000366210938,121.10458374023438,228452500
2025-03-25,120.69000244140625,120.38639068603516,167447200
2025-03-26,113.76000213623047,113.47383117675781,293463300
2025-03-27,111.43000030517578,111.14967346191406,236902100
2025-03-28,109.66999816894531,109.39411163330078,229872500
2025-03-31,108.37999725341797,108.10736083984375,299212700
2025-04-01,110.1500015258789,109.87291717529297,222614000
2025-04-02,110.41999816894531,110.14221954345703,220601200
2025-04-03,101.80000305175781,101.54391479492188,338769400
2025-04-04,94.30999755859375,94.07276153564453,532273800
2025-04-07,97.63999938964844,97.39437103271484,611041300
2025-04-08,96.30000305175781,96.05775451660156,476243400
2025-04-09,114.33000183105469,114.04239654541016,612918300
2025-04-10,107.56999969482422,107.29939270019531,437812400
2025-04-11,110.93000030517578,110.65095520019531,313417300
2025-04-14,110.70999908447266,110.43150329589844,264705000
2025-04-15,112.19999694824219,111.9177474975586,228966900
2025-04-16,104.48999786376953,104.2271499633789,397016900
2025-04-17,101.48999786376953,101.23468780517578,292517500
2025-04-21,96.91000366210938,96.66622161865234,288501100
2025-04-22,98.88999938964844,98.64122772216797,241004800
2025-04-23,102.70999908447266,102.45162200927734,247526000
2025-04-24,106.43000030517578,106.16226196289062,220815000
2025-04-25,111.01000213623047,110.73074340820312,251064700
2025-04-28,108.7300033569336,108.45648193359375,207708500
2025-04-29,109.0199966430664,108.7457504272461,170444300
2025-04-30,108.91999816894531,108.64599609375,235044600
2025-05-01,111.61000061035156,111.32923126220703,236121500
2025-05-02,114.5,114.21196746826172,190194800
2025-05-05,113.81999969482422,113.53368377685547,133163200
2025-05-06,113.54000091552734,113.25438690185547,158525600
2025-05-07,117.05999755859375,116.7655258178711,206758800
2025-05-08,117.37000274658203,117.07474517822266,198428100
2025-05-09,116.6500015258789,116.35655975341797,132972200
2025-05-12,123.0,122.69058227539062,225023300
2025-05-13,129.92999267578125,129.60313415527344,330430100
2025-05-14,135.33999633789062,134.9995574951172,281180800
2025-05-15,134.8300018310547,134.49081420898438,226632600
2025-05-16,135.39999389648438,135.05938720703125,226542500
2025-05-19,135.57000732421875,135.22897338867188,193154600
2025-05-20,134.3800048828125,134.04196166992188,161514200
2025-05-21,131.8000030517578,131.4684600830078,270608700
2025-05-22,132.8300018310547,132.49583435058594,187344000
2025-05-23,131.2899932861328,130.959716796875,198821300
2025-05-27,135.5,135.1591339111328,192953600
2025-05-28,134.80999755859375,134.47085571289062,304021100
2025-05-29,139.19000244140625,138.83985900878906,369241900
2025-05-30,135.1300048828125,134.7900848388672,333170900
2025-06-02,137.3800048828125,137.03440856933594,197663100
2025-06-03,141.22000122070312,140.86474609375,225578800
2025-06-04,141.9199981689453,141.56298828125,167120800
2025-06-05,139.99000549316406,139.6378631591797,231397900
2025-06-06,141.72000122070312,141.36351013183594,153986200
2025-06-09,142.6300048828125,142.2711944580078,185114500
2025-06-10,143.9600067138672,143.5978546142578,155881900
2025-06-11,142.8300018310547,142.4805908203125,167694000
2025-06-12,145.0,144.64527893066406,162365000
2025-06-13,141.97000122070312,141.62271118164062,180820600
2025-06-16,144.69000244140625,144.33604431152344,183133700
2025-06-17,144.1199951171875,143.76744079589844,139108000
2025-06-18,145.47999572753906,145.12411499023438,161494100
2025-06-20,143.85000610351562,143.4980926513672,242956200
2025-06-23,144.1699981689453,143.81732177734375,154308900
2025-06-24,147.89999389648438,147.53817749023438,187566100
2025-06-25,154.30999755859375,153.9324951171875,269146500
2025-06-26,155.02000427246094,154.64077758789062,198145700
2025-06-27,157.75,157.3640899658203,263234500
2025-06-30,157.99000549316406,157.60350036621094,194580300
2025-07-01,153.3000030517578,152.9249725341797,213143600
2025-07-02,157.25,156.8653106689453,171224100
2025-07-03,159.33999633789062,158.95018005371094,143716100
2025-07-07,158.24000549316406,157.85289001464844,140139000
2025-07-08,160.0,159.60858154296875,138133000
2025-07-09,162.8800048828125,162.48153686523438,183656400
2025-07-10,164.10000610351562,163.6985626220703,167704100
2025-07-11,164.9199981689453,164.5165557861328,193633300
2025-07-14,164.07000732421875,163.66864013671875,136975800
2025-07-15,170.6999969482422,170.28240966796875,230627400
2025-07-16,171.3699951171875,170.95077514648438,158831500
2025-07-17,173.0,172.5767822265625,160841100
2025-07-18,172.41000366210938,171.98822021484375,146456400
2025-07-21,171.3800048828125,170.9607391357422,123126100
2025-07-22,167.02999877929688,166.6213836669922,193114300
2025-07-23,170.77999877929688,170.36221313476562,154082200
2025-07-24,173.74000549316406,173.3149871826172,128984600
2025-07-25,173.5,173.07554626464844,122316800
2025-07-28,176.75,176.31761169433594,140023500
2025-07-29,175.50999450683594,175.08062744140625,154077500
2025-07-30,179.27000427246094,178.83145141601562,174312200
2025-07-31,177.8699951171875,177.43487548828125,221685400
2025-08-01,173.72000122070312,173.29502868652344,204529000
2025-08-04,180.0,179.5596466064453,148174600
2025-08-05,178.25999450683594,177.8238983154297,156407600
2025-08-06,179.4199981689453,178.9810791015625,137192300
2025-08-07,180.77000427246094,180.32778930664062,151878400
2025-08-08,182.6999969482422,182.25303649902344,123396700
2025-08-11,182.05999755859375,181.6146240234375,138323200
2025-08-12,183.16000366210938,182.71194458007812,145485700
2025-08-13,181.58999633789062,181.14576721191406,179871700
2025-08-14,182.02000427246094,181.57472229003906,129554000
2025-08-15,180.4499969482422,180.00856018066406,156602200
2025-08-18,182.00999450683594,181.5647430419922,132008000
2025-08-19,175.63999938964844,175.21034240722656,185229200
2025-08-20,175.39999389648438,174.9709014892578,215142700
2025-08-21,174.97999572753906,174.5519256591797,140040900
2025-08-22,177.99000549316406,177.55458068847656,172789400
2025-08-25,179.80999755859375,179.37013244628906,163012800
2025-08-26,181.77000427246094,181.32533264160156,168688200
2025-08-27,181.60000610351562,181.15576171875,235518900
2025-08-28,180.1699981689453,179.72923278808594,281787800
2025-08-29,174.17999267578125,173.75389099121094,243257900
2025-09-02,170.77999877929688,170.36221313476562,231164900
2025-09-03,170.6199951171875,170.20260620117188,164424900
2025-09-04,171.66000366210938,171.2400665283203,141670100
2025-09-05,167.02000427246094,166.6114044189453,224441400
2025-09-08,168.30999755859375,167.8982696533203,163769100
2025-09-09,170.75999450683594,170.34225463867188,157548400
2025-09-10,177.3300018310547,176.8961944580078,226852000
2025-09-11,177.1699981689453,176.7465362548828,151159300
2025-09-12,177.82000732421875,177.39500427246094,124911000
2025-09-15,177.75,177.3251495361328,147061600
2025-09-16,174.8800048828125,174.46202087402344,140737800
2025-09-17,170.2899932861328,169.8829803466797,211843800
2025-09-18,176.24000549316406,175.81878662109375,191763300
2025-09-19,176.6699981689453,176.2477264404297,237182100
2025-09-22,183.61000061035156,183.17117309570312,269637000
2025-09-23,178.42999267578125,178.0035400390625,192559600
2025-09-24,176.97000122070312,176.54701232910156,143564100
2025-09-25,177.69000244140625,177.2653045654297,191586700
2025-09-26,178.19000244140625,177.7641143798828,148573700
2025-09-29,181.85000610351562,181.4153594970703,193063500
2025-09-30,186.5800018310547,186.13404846191406,236981000
2025-10-01,187.24000549316406,186.79249572753906,173844900
2025-10-02,188.88999938964844,188.43853759765625,136805800
2025-10-03,187.6199951171875,187.1715545654297,137596900
2025-10-06,185.5399932861328,185.0965576171875,157678100
2025-10-07,185.0399932861328,184.5977325439453,140088000
2025-10-08,189.11000061035156,188.6580047607422,130168900
2025-10-09,192.57000732421875,192.1097412109375,182997200
2025-10-10,183.16000366210938,182.7222442626953,268774400
2025-10-13,188.32000732421875,187.8699188232422,153482800
2025-10-14,180.02999877929688,179.59971618652344,205641400
2025-10-15,179.8300018310547,179.4001922607422,214450500
2025-10-16,181.80999755859375,181.3754425048828,179723300
2025-10-17,183.22000122070312,182.78208923339844,173135200
2025-10-20,182.63999938964844,182.20347595214844,128544700
2025-10-21,181.16000366210938,180.72702026367188,124240200
2025-10-22,180.27999877929688,179.84910583496094,162249600
2025-10-23,182.16000366210938,181.72462463378906,111363700
2025-10-24,186.25999450683594,185.8148193359375,131296700
2025-10-27,191.49000549316406,191.03233337402344,153452700
2025-10-28,201.02999877929688,200.5495147705078,297986200
2025-10-29,207.0399932861328,206.545166015625,308829600
2025-10-30,202.88999938964844,202.4050750732422,178864400
2025-10-31,202.49000549316406,202.00604248046875,179802200
2025-11-03,206.8800048828125,206.3855438232422,180267300
2025-11-04,198.69000244140625,198.21510314941406,188919300
2025-11-05,195.2100067138672,194.74343872070312,171350300
2025-11-06,188.0800018310547,187.6304931640625,223029800
2025-11-07,188.14999389648438,187.70028686523438,264942300
2025-11-10,199.0500030517578,198.5742645263672,198897100
2025-11-11,193.16000366210938,192.69833374023438,176483300
2025-11-12,193.8000030517578,193.3367919921875,154935300
2025-11-13,186.86000061035156,186.41339111328125,207423100
2025-11-14,190.1699981689453,189.71546936035156,186591900
2025-11-17,186.60000610351562,186.15402221679688,173628900
2025-11-18,181.36000061035156,180.92652893066406,213598900
2025-11-19,186.52000427246094,186.07420349121094,247246400
2025-11-20,180.63999938964844,180.208251953125,343504800
2025-11-21,178.8800048828125,178.4524688720703,346926200
2025-11-24,182.5500030517578,182.1136932373047,256618300
2025-11-25,177.82000732421875,177.39500427246094,320600300
2025-11-26,180.25999450683594,179.8291473388672,183852000
2025-11-28,177.0,176.5769500732422,121332800
2025-12-01,179.9199981689453,179.48997497558594,188131000
2025-12-02,181.4600067138672,181.02630615234375,182632200
2025-12-03,179.58999633789062,179.16078186035156,165138000
2025-12-04,183.3800048828125,182.95188903808594,167364900
2025-12-05,182.41000366210938,181.98416137695312,143971100
2025-12-08,185.5500030517578,185.11683654785156,204378100
2025-12-09,184.97000122070312,184.53817749023438,144719700
2025-12-10,183.77999877929688,183.35096740722656,162785400
2025-12-11,180.92999267578125,180.50759887695312,182136600
2025-12-12,175.02000427246094,174.6114044189453,204274900
2025-12-15,176.2899932861328,175.87841796875,164775600
2025-12-16,177.72000122070312,177.3050994873047,148588100
2025-12-17,170.94000244140625,170.54092407226562,222775500
2025-12-18,174.13999938964844,173.73345947265625,176096000
2025-12-19,180.99000549316406,180.56748962402344,324925900
2025-12-22,183.69000244140625,183.26116943359375,129064400
2025-12-23,189.2100067138672,188.76829528808594,174873600
2025-12-24,188.61000061035156,188.169677734375,65528500
2025-12-26,190.52999877929688,190.085205078125,139740300
2025-12-29,188.22000122070312,187.7805938720703,120006100
2025-12-30,187.5399932861328,187.1021728515625,97687300
2025-12-31,186.5,186.06460571289062,120100500
2026-01-02,188.85000610351562,188.4091339111328,148240500
2026-01-05,188.1199951171875,187.6808319091797,183529700
2026-01-06,187.24000549316406,186.80288696289062,176862600
2026-01-07,189.11000061035156,188.66851806640625,153543200
2026-01-08,185.0399932861328,184.60800170898438,172457000
2026-01-09,184.86000061035156,184.42843627929688,131327500
2026-01-12,184.94000244140625,184.5082550048828,137968500
2026-01-13,185.80999755859375,185.376220703125,160128900
2026-01-14,183.13999938964844,182.7124481201172,159586100
2026-01-15,187.0500030517578,186.61331176757812,206188600
2026-01-16,186.22999572753906,185.79522705078125,187967200
2026-01-20,178.07000732421875,177.654296875,223345300
2026-01-21,183.32000732421875,182.8920440673828,200381000
2026-01-22,184.83999633789062,184.40847778320312,139636600
2026-01-23,187.6699981689453,187.23187255859375,142748100
2026-01-26,186.47000122070312,186.03468322753906,124799600
2026-01-27,188.52000427246094,188.07989501953125,143711600
2026-01-28,191.52000427246094,191.0728759765625,148552700
2026-01-29,192.50999450683594,192.06057739257812,171764400
2026-01-30,191.1300048828125,190.68380737304688,179489500
2026-02-02,185.61000061035156,185.1766815185547,165794100
2026-02-03,180.33999633789062,179.91897583007812,204019600
2026-02-04,174.19000244140625,173.78335571289062,207014100
2026-02-05,171.8800048828125,171.47874450683594,206312900
2026-02-06,185.41000366210938,184.97715759277344,231346200
2026-02-09,190.0399932861328,189.59634399414062,196387400
2026-02-10,188.5399932861328,188.09983825683594,136764800
2026-02-11,190.0500030517578,189.60633850097656,144192700
2026-02-12,186.94000244140625,186.5035858154297,189932500
2026-02-13,182.80999755859375,182.38320922851562,161888000
2026-02-17,184.97000122070312,184.53817749023438,162276900
2026-02-18,187.97999572753906,187.5411376953125,164749100
2026-02-19,187.89999389648438,187.46133422851562,126554500
2026-02-20,189.82000732421875,189.3768768310547,178422300
2026-02-23,191.5500030517578,191.10281372070312,171584800
2026-02-24,192.85000610351562,192.39979553222656,175123600
2026-02-25,195.55999755859375,195.10345458984375,250637100
2026-02-26,184.88999938964844,184.45835876464844,360807900
2026-02-27,177.19000244140625,176.77635192871094,311636500
2026-03-02,182.47999572753906,182.0540008544922,209095300
2026-03-03,180.0500030517578,179.62965393066406,178099400
2026-03-04,183.0399932861328,182.61268615722656,177731200
2026-03-05,183.33999633789062,182.91197204589844,198779700
2026-03-06,177.82000732421875,177.40489196777344,189021900
2026-03-09,182.64999389648438,182.2235870361328,177213600
2026-03-10,184.77000427246094,184.33863830566406,179118500
2026-03-11,186.02999877929688,185.60574340820312,145280400
2026-03-12,183.13999938964844,182.72235107421875,155762700
2026-03-13,180.25,179.83892822265625,160988400
2026-03-16,183.22000122070312,182.8021697998047,217307400
2026-03-17,181.92999267578125,181.5150909423828,182497800
2026-03-18,180.39999389648438,179.98858642578125,156683100
2026-03-19,178.55999755859375,178.1527862548828,170968500
2026-03-20,172.6999969482422,172.30613708496094,241323500
2026-03-23,175.63999938964844,175.23944091796875,182836300
2026-03-24,175.1999969482422,174.80044555664062,147667800
2026-03-25,178.67999267578125,178.2725067138672,162602100
2026-03-26,171.24000549316406,170.8494873046875,186152200
2026-03-27,167.52000427246094,167.13795471191406,196212700
2026-03-30,165.1699981689453,164.79331970214844,185627000
2026-03-31,174.39999389648438,174.0022735595703,226181300
2026-04-01,175.75,175.3491973876953,168132000
2026-04-02,177.38999938964844,176.98544311523438,143143200
2026-04-06,177.63999938964844,177.23487854003906,107564300
2026-04-07,178.10000610351562,177.69383239746094,132534900
2026-04-08,182.0800018310547,181.66476440429688,147732700
2026-04-09,183.91000366210938,183.49058532714844,116428500
2026-04-10,188.6300048828125,188.1998291015625,160459500
2026-04-13,189.30999755859375,188.87826538085938,133648200
2026-04-14,196.50999450683594,196.0618438720703,161307000
2026-04-15,198.8699951171875,198.41647338867188,185338400
2026-04-16,198.35000610351562,197.8976593017578,134012900
2026-04-17,201.67999267578125,201.2200469970703,160324400
2026-04-20,202.05999755859375,201.59918212890625,119381400
2026-04-21,199.8800048828125,199.42417907714844,107945300
2026-04-22,202.5,202.03819274902344,107501000
2026-04-23,199.63999938964844,199.18470764160156,113561800
2026-04-24,208.27000427246094,207.79502868652344,214134400
2026-04-27,216.61000061035156,216.1160125732422,187172400
2026-04-28,213.1699981689453,212.68385314941406,180275400
2026-04-29,209.25,208.77279663085938,123711800
2026-04-30,199.57000732421875,199.11488342285156,225239200
2026-05-01,198.4499969482422,197.99742126464844,128647000
2026-05-04,198.47999572753906,198.02734375,125368100
2026-05-05,196.5,196.05186462402344,113406600
2026-05-06,207.8300018310547,207.3560333251953,188362800
2026-05-07,211.5,211.01766967773438,168307900
2026-05-08,215.1999969482422,214.709228515625,136421400
2026-05-11,219.44000244140625,218.93955993652344,160685800
2026-05-12,220.77999877929688,220.27650451660156,159176600
2026-05-13,225.8300018310547,225.3149871826172,150405400
2026-05-14,235.74000549316406,235.202392578125,180782900
2026-05-15,225.32000732421875,224.80616760253906,180977600
2026-05-18,222.32000732421875,221.81300354003906,146280900
2026-05-19,220.61000061035156,220.1068878173828,140948200
2026-05-20,223.47000122070312,222.9603729248047,184201600
2026-05-21,219.50999450683594,219.0093994140625,203381800
2026-05-22,215.3300018310547,214.83892822265625,169275700
2026-05-26,214.86000061035156,214.37001037597656,187202600
2026-05-27,212.60000610351562,212.1151580810547,167601200
2026-05-28,214.25,213.76138305664062,143996000
2026-05-29,211.13999938964844,210.6584930419922,289410600
2026-06-01,224.36000061035156,223.8483428955078,212850700
2026-06-02,222.82000732421875,222.3118438720703,193362900
2026-06-03,214.75,214.26025390625,160907000
2026-06-04,218.66000366210938,218.4156036376953,169022200
2026-06-05,205.10000610351562,204.87075805664062,219655500
2026-06-08,208.63999938964844,208.40679931640625,138372800
2026-06-09,208.19000244140625,207.95730590820312,180962500
2026-06-10,200.4199981689453,200.19598388671875,161746600
2026-06-11,204.8699951171875,204.64100646972656,158643200
2026-06-12,205.19000244140625,204.96066284179688,112001800
2026-06-15,212.4499969482422,212.21253967285156,149936700
2026-06-16,207.41000366210938,207.1781768798828,125694100
2026-06-17,204.64999389648438,204.42124938964844,128363500
2026-06-18,210.69000244140625,210.4545135498047,241272000
2026-06-22,208.64999389648438,208.41677856445312,122041400
2026-06-23,200.0399932861328,199.81640625,153496200
2026-06-24,199.0,198.77757263183594,151810700
2026-06-25,195.74000549316406,195.52122497558594,149550000
2026-06-26,192.52999877929688,192.31480407714844,179304100
2026-06-29,194.97000122070312,194.7520751953125,148835700
2026-06-30,200.08999633789062,199.86634826660156,166476700
2026-07-01,197.5800018310547,197.35916137695312,146147600
2026-07-02,194.8300018310547,194.61224365234375,142068700
2026-07-06,195.5500030517578,195.33143615722656,108999000
2026-07-07,196.92999267578125,196.7098846435547,124154600
2026-07-08,204.1199951171875,203.891845703125,147419100
2026-07-09,202.77999877929688,202.5533447265625,132037400
2026-07-10,210.9600067138672,210.72421264648438,148421000
2026-07-13,203.52999877929688,203.30250549316406,121411000
2026-07-14,211.8000030517578,211.5632781982422,124379600
2026-07-15,212.5,212.26248168945312,124797200
2026-07-16,207.39999389648438,207.16818237304688,122986100
2026-07-17,202.80999755859375,202.58331298828125,144281900
2026-07-20,203.27999877929688,203.05279541015625,88701500
2026-07-21,207.2899932861328,207.0583038330078,108685600
2026-07-22,212.05999755859375,211.82298278808594,137645600
2026-07-23,208.75999450683594,208.5266571044922,110505300
2026-07-24,206.83999633789062,206.6088104248047,114836800
2026-07-27,196.50999450683594,196.2903594970703,154353700
2026-07-28,197.00999450683594,196.789794921875,134111500
2026-07-29,190.00999450683594,189.79762268066406,147680800
2026-07-30,195.0399932861328,194.82199096679688,129010200
2026-07-31,200.75,200.52561950683594,139961200
2026-08-03,206.63999938964844,206.40904235839844,128406900
2026-08-04,211.94000244140625,211.70310974121094,134922000
2026-08-05,219.22000122070312,218.9749755859375,158187400
2026-08-06,218.99000549316406,218.7452392578125,113940600
2026-08-07,223.9600067138672,223.70968627929688,105669400
2026-08-10,217.5500030517578,217.3068389892578,115846600
2026-08-11,217.5,217.25689697265625,101273100
2026-08-12,224.08999633789062,223.8395233154297,108783600
2026-08-13,225.3000030517578,225.04818725585938,98867200
2026-08-14,225.16000366210938,224.90834045410156,75680900
2026-08-17,225.00999450683594,224.7584991455078,93678700
2026-08-18,219.74000549316406,219.49440002441406,103128200
2026-08-19,217.55999755859375,217.31683349609375,96797300
2026-08-20,216.85000610351562,216.60763549804688,92457000
2026-08-21,214.72000122070312,214.48001098632812,98869300
2026-08-24,208.47999572753906,208.24697875976562,135187300
2026-08-25,213.0500030517578,212.81187438964844,122309000
2026-08-26,209.66000366210938,209.4256591796875,179900000
2026-08-27,227.97999572753906,227.7251739501953,298909800
2026-08-28,217.5500030517578,217.3068389892578,195116400
2026-08-31,220.77999877929688,220.53323364257812,124702700
2026-09-01,217.44000244140625,217.1969757080078,109756200
2026-09-02,224.41000366210938,224.1591796875,157104700
2026-09-03,228.4499969482422,228.1946563720703,134681600
2026-09-04,230.36000061035156,230.10252380371094,135352400
2026-09-08,225.72999572753906,225.47769165039062,122965600
2026-09-09,223.6699981689453,223.4199981689453,82955500
2026-09-10,218.36000061035156,218.36000061035156,105768000
2026-09-11,218.2899932861328,218.2899932861328,89060100
2026-09-14,210.9600067138672,210.9600067138672,132267200
2026-09-15,212.1699981689453,212.1699981689453,88059700
2026-09-16,213.89999389648438,213.89999389648438,96563600
2026-09-17,219.33999633789062,219.33999633789062,94191300
2026-09-18,222.27000427246094,222.27000427246094,190287400
2026-09-21,227.3800048828125,227.3800048828125,109806100
2026-09-22,228.8699951171875,228.8699951171875,95746700
2026-09-23,225.50999450683594,225.50999450683594,89547300
2026-09-24,224.5800018310547,224.5800018310547,77469900
2026-09-25,225.07000732421875,225.07000732421875,89808400
2026-09-28,228.86000061035156,228.86000061035156,140814626
