date,close,adj_close,volume
2018-10-01,291.7300109863281,258.81793212890625,62078900
2018-10-02,291.55999755859375,258.6670227050781,47258200
2018-10-03,291.7200012207031,258.8089599609375,64694600
2018-10-04,289.44000244140625,256.7862548828125,111545900
2018-10-05,287.82000732421875,255.3489990234375,105951700
2018-10-08,287.82000732421875,255.3489990234375,87742200
2018-10-09,287.3999938964844,254.97634887695312,74339000
2018-10-10,278.29998779296875,246.9030303955078,214731000
2018-10-11,272.1700134277344,241.46463012695312,274840500
2018-10-12,275.95001220703125,244.81813049316406,183186500
2018-10-15,274.3999938964844,243.44305419921875,102263700
2018-10-16,280.3999938964844,248.76605224609375,118255800
2018-10-17,280.45001220703125,248.81048583984375,110626000
2018-10-18,276.3999938964844,245.21739196777344,134557500
2018-10-19,276.25,245.08428955078125,139901600
2018-10-22,275.010009765625,243.98416137695312,82415800
2018-10-23,273.6099853515625,242.7421417236328,146352700
2018-10-24,265.32000732421875,235.38742065429688,177806700
2018-10-25,270.0799865722656,239.61038208007812,138061500
2018-10-26,265.3299865722656,235.39627075195312,201574600
2018-10-29,263.8599853515625,234.0920867919922,160749100
2018-10-30,267.7699890136719,237.56101989746094,157116000
2018-10-31,270.6300048828125,240.09832763671875,128296300
2018-11-01,273.510009765625,242.65341186523438,99495000
2018-11-02,271.8900146484375,241.21620178222656,122634100
2018-11-05,273.3900146484375,242.5469207763672,65622500
2018-11-06,275.1199951171875,244.08180236816406,60085900
2018-11-07,281.010009765625,249.3072509765625,102752100
2018-11-08,280.5,248.8548126220703,65584900
2018-11-09,277.760009765625,246.42391967773438,98812600
2018-11-12,272.57000732421875,241.8195343017578,99673600
2018-11-13,272.05999755859375,241.36705017089844,98176600
2018-11-14,270.20001220703125,239.71682739257812,125335900
2018-11-15,273.0199890136719,242.21865844726562,135101400
2018-11-16,273.7300109863281,242.84864807128906,126668000
2018-11-19,269.1000061035156,238.74093627929688,103061700
2018-11-20,264.1199951171875,234.3227996826172,136021300
2018-11-21,265.0199890136719,235.12127685546875,75563700
2018-11-23,263.25,233.55093383789062,42807900
2018-11-26,267.5,237.32142639160156,79981400
2018-11-27,268.3999938964844,238.11985778808594,75502400
2018-11-28,274.5799865722656,243.60263061523438,127629600
2018-11-29,273.9800109863281,243.07040405273438,82346400
2018-11-30,275.6499938964844,244.5520477294922,98204200
2018-12-03,279.29998779296875,247.79019165039062,103176300
2018-12-04,270.25,239.76119995117188,177986000
2018-12-06,269.8399963378906,239.3974609375,204185400
2018-12-07,263.57000732421875,233.8348388671875,161018900
2018-12-10,264.07000732421875,234.27847290039062,151445900
2018-12-11,264.1300048828125,234.33163452148438,121504400
2018-12-12,265.4599914550781,235.51158142089844,97976700
2018-12-13,265.3699951171875,235.43174743652344,96662700
2018-12-14,260.4700012207031,231.08453369140625,116961100
2018-12-17,255.36000061035156,226.55104064941406,165492300
2018-12-18,255.0800018310547,226.30262756347656,134515100
2018-12-19,251.25999450683594,222.91357421875,214992800
2018-12-20,247.1699981689453,219.28500366210938,252053400
2018-12-21,240.6999969482422,214.79197692871094,255345600
2018-12-24,234.33999633789062,209.1165313720703,147311600
2018-12-26,246.17999267578125,219.68209838867188,218485400
2018-12-27,248.07000732421875,221.3686981201172,186267300
2018-12-28,247.75,221.08316040039062,153100200
2018-12-31,249.9199981689453,223.01956176757812,144299400
2019-01-02,250.17999267578125,223.25155639648438,126925200
2019-01-03,244.2100067138672,217.92417907714844,144140700
2019-01-04,252.38999938964844,225.22372436523438,142628800
2019-01-07,254.3800048828125,226.99951171875,103139100
2019-01-08,256.7699890136719,229.13230895996094,102512600
2019-01-09,257.9700012207031,230.20310974121094,95006600
2019-01-10,258.8800048828125,231.01513671875,96823900
2019-01-11,258.9800109863281,231.10435485839844,73858100
2019-01-14,257.3999938964844,229.69447326660156,70908200
2019-01-15,260.3500061035156,232.32693481445312,85208300
2019-01-16,260.9800109863281,232.8891143798828,77636700
2019-01-17,262.9599914550781,234.65602111816406,96118400
2019-01-18,266.4599914550781,237.77926635742188,127900300
2019-01-22,262.8599853515625,234.56668090820312,115531200
2019-01-23,263.4100036621094,235.05758666992188,86030300
2019-01-24,263.54998779296875,235.18247985839844,59204100
2019-01-25,265.7799987792969,237.17247009277344,96883400
2019-01-28,263.760009765625,235.3699188232422,85613700
2019-01-29,263.4100036621094,235.05758666992188,66136300
2019-01-30,267.5799865722656,238.7787628173828,92473700
2019-01-31,269.92999267578125,240.87571716308594,104012100
2019-02-01,270.05999755859375,240.99171447753906,85782500
2019-02-04,271.9599914550781,242.68724060058594,60744800
2019-02-05,273.1000061035156,243.70457458496094,79552800
2019-02-06,272.739990234375,243.38323974609375,58347800
2019-02-07,270.1400146484375,241.0631866455078,95482000
2019-02-08,270.4700012207031,241.35763549804688,75788900
2019-02-11,270.6199951171875,241.49156188964844,68021400
2019-02-12,274.1000061035156,244.59690856933594,72270200
2019-02-13,274.989990234375,245.39111328125,65277200
2019-02-14,274.3800048828125,244.8468475341797,83234400
2019-02-15,277.3699951171875,247.5149688720703,97088700
2019-02-19,277.8500061035156,247.9433135986328,59120800
2019-02-20,278.4100036621094,248.44297790527344,76610800
2019-02-21,277.4200134277344,247.55963134765625,64214700
2019-02-22,279.1400146484375,249.0945281982422,78114600
2019-02-25,279.5199890136719,249.4335174560547,69030700
2019-02-26,279.32000732421875,249.2550811767578,56844100
2019-02-27,279.20001220703125,249.14805603027344,56921600
2019-02-28,278.67999267578125,248.68392944335938,69268300
2019-03-01,280.4200134277344,250.2366485595703,78880500
2019-03-04,279.3999938964844,249.326416015625,106494600
2019-03-05,279.0199890136719,248.98739624023438,59114600
2019-03-06,277.3299865722656,247.47923278808594,75039800
2019-03-07,275.010009765625,245.40892028808594,94885100
2019-03-08,274.4599914550781,244.91815185546875,85795800
2019-03-11,278.44000244140625,248.46983337402344,65098900
2019-03-12,279.489990234375,249.40676879882812,79667500
2019-03-13,281.3399963378906,251.05763244628906,80639200
2019-03-14,281.1600036621094,250.8970489501953,67518400
2019-03-15,281.30999755859375,252.1365966796875,81309000
2019-03-18,282.3299865722656,253.0508270263672,62199800
2019-03-19,282.3999938964844,253.11355590820312,90268100
2019-03-20,281.54998779296875,252.35165405273438,84609200
2019-03-21,284.7300109863281,255.2018585205078,79550400
2019-03-22,279.25,250.29025268554688,122659300
2019-03-25,279.0400085449219,250.10208129882812,85575200
2019-03-26,281.1199951171875,251.9663848876953,68125900
2019-03-27,279.6499938964844,250.6487579345703,72224700
2019-03-28,280.7099914550781,251.59873962402344,56238500
2019-03-29,282.4800109863281,253.18528747558594,82186800
2019-04-01,285.8299865722656,256.1878356933594,77617900
2019-04-02,285.9700012207031,256.31329345703125,40070400
2019-04-03,286.4200134277344,256.7166748046875,68243200
2019-04-04,287.17999267578125,257.3978576660156,48997500
2019-04-05,288.57000732421875,258.6436462402344,58621700
2019-04-08,288.7900085449219,258.84088134765625,53566300
2019-04-09,287.30999755859375,257.5142822265625,66142300
2019-04-10,288.2900085449219,258.3927307128906,52601500
2019-04-11,288.2099914550781,258.3210144042969,55093100
2019-04-12,290.1600036621094,260.06878662109375,69727800
2019-04-15,289.9700012207031,259.8984680175781,49596700
2019-04-16,290.1600036621094,260.06878662109375,52153200
2019-04-17,289.45001220703125,259.43243408203125,58268300
2019-04-18,290.0199890136719,259.94329833984375,68708500
2019-04-22,290.2699890136719,260.1673889160156,40160100
2019-04-23,292.8800048828125,262.5067443847656,52246600
2019-04-24,292.2300109863281,261.9242248535156,50392900
2019-04-25,292.04998779296875,261.7628173828125,57770900
2019-04-26,293.4100036621094,262.98175048828125,50916400
2019-04-29,293.8699951171875,263.39404296875,57197700
2019-04-30,294.0199890136719,263.5284729003906,81111700
2019-05-01,291.80999755859375,261.5476379394531,71671900
2019-05-02,291.17999267578125,260.9830322265625,65030200
2019-05-03,294.0299987792969,263.5374450683594,56543700
2019-05-06,292.82000732421875,262.4530029296875,107198100
2019-05-07,287.92999267578125,258.07000732421875,144729900
2019-05-08,287.5299987792969,257.7115783691406,91568300
2019-05-09,286.6600036621094,256.9317321777344,103471100
2019-05-10,288.1000061035156,258.2223815917969,112429300
2019-05-13,280.8599853515625,251.73326110839844,127290500
2019-05-14,283.3999938964844,254.0098419189453,77003200
2019-05-15,285.05999755859375,255.4977569580078,73956400
2019-05-16,287.70001220703125,257.8639221191406,76749600
2019-05-17,285.8399963378906,256.1968688964844,100353000
2019-05-20,283.95001220703125,254.50277709960938,62877600
2019-05-21,286.510009765625,256.7973327636719,46847100
2019-05-22,285.6300048828125,256.00860595703125,49482500
2019-05-23,282.1400146484375,252.8805389404297,98733800
2019-05-24,282.7799987792969,253.45404052734375,55268100
2019-05-28,280.1499938964844,251.09689331054688,70029400
2019-05-29,278.2699890136719,249.4118194580078,104972900
2019-05-30,279.0299987792969,250.09307861328125,62523800
2019-05-31,275.2699890136719,246.7229461669922,86862800
2019-06-03,274.57000732421875,246.09552001953125,96428000
2019-06-04,280.5299987792969,251.43746948242188,77231900
2019-06-05,282.9599914550781,253.61550903320312,71169700
2019-06-06,284.79998779296875,255.2646942138672,69430400
2019-06-07,287.6499938964844,257.81903076171875,74272200
2019-06-10,288.9700012207031,259.0022888183594,60799100
2019-06-11,288.8999938964844,258.93939208984375,58641300
2019-06-12,288.3900146484375,258.4822692871094,47096300
2019-06-13,289.5799865722656,259.54888916015625,48945200
2019-06-14,289.260009765625,259.26214599609375,52324700
2019-06-17,289.3699951171875,259.3606872558594,39205700
2019-06-18,292.3999938964844,262.0764465332031,85434800
2019-06-19,293.05999755859375,262.66802978515625,78674400
2019-06-20,295.8599853515625,265.17767333984375,116570000
2019-06-21,294.0,264.7921447753906,83309500
2019-06-24,293.6400146484375,264.468017578125,47582700
2019-06-25,290.760009765625,261.8741455078125,82028700
2019-06-26,290.4700012207031,261.6129150390625,51584900
2019-06-27,291.5,262.5406188964844,40355200
2019-06-28,293.0,263.89154052734375,59350900
2019-07-01,295.6600036621094,266.2872619628906,78705600
2019-07-02,296.42999267578125,266.9807434082031,61504500
2019-07-03,298.79998779296875,269.1153259277344,40898900
2019-07-05,298.4599914550781,268.8091735839844,51677300
2019-07-08,296.82000732421875,267.3320617675781,45841800
2019-07-09,297.19000244140625,267.6652526855469,41101300
2019-07-10,298.6099853515625,268.94415283203125,58448500
2019-07-11,299.30999755859375,269.5746765136719,50826100
2019-07-12,300.6499938964844,270.781494140625,40326000
2019-07-15,300.75,270.8716125488281,33900000
2019-07-16,299.7799987792969,269.9979553222656,36650100
2019-07-17,297.739990234375,268.16064453125,36036300
2019-07-18,298.8299865722656,269.142333984375,51392600
2019-07-19,297.1700134277344,267.6471862792969,58678600
2019-07-22,297.8999938964844,268.3048095703125,43638100
2019-07-23,300.0299987792969,270.2231140136719,44564500
2019-07-24,301.44000244140625,271.49310302734375,47213200
2019-07-25,300.0,270.19610595703125,55394100
2019-07-26,302.010009765625,272.0064392089844,45084100
2019-07-29,301.4599914550781,271.5111083984375,38126500
2019-07-30,300.7200012207031,270.8445739746094,45849000
2019-07-31,297.42999267578125,267.8813781738281,104245200
2019-08-01,294.8399963378906,265.548828125,142646600
2019-08-02,292.6199951171875,263.54925537109375,116749700
2019-08-05,283.82000732421875,255.62350463867188,178745400
2019-08-06,287.79998779296875,259.2082214355469,120711700
2019-08-07,287.9700012207031,259.36126708984375,140572300
2019-08-08,293.6199951171875,264.449951171875,87713900
2019-08-09,291.6199951171875,262.648681640625,93730000
2019-08-12,288.07000732421875,259.4512939453125,65527600
2019-08-13,292.54998779296875,263.4862365722656,94299800
2019-08-14,283.8999938964844,255.69561767578125,135622100
2019-08-15,284.6499938964844,256.3711242675781,99556600
2019-08-16,288.8500061035156,260.15380859375,83018300
2019-08-19,292.3299865722656,263.2881164550781,53571800
2019-08-20,290.0899963378906,261.2706298828125,51596400
2019-08-21,292.45001220703125,263.39617919921875,49524700
2019-08-22,292.3599853515625,263.3151550292969,51666400
2019-08-23,284.8500061035156,256.5511779785156,149161500
2019-08-26,288.0,259.3883056640625,72423800
2019-08-27,286.8699951171875,258.3705139160156,66668900
2019-08-28,288.8900146484375,260.1898193359375,59696700
2019-08-29,292.5799865722656,263.5133056640625,57899400
2019-08-30,292.45001220703125,263.39617919921875,62901200
2019-09-03,290.739990234375,261.8559875488281,69101400
2019-09-04,294.0400085449219,264.8282470703125,46887300
2019-09-05,297.82000732421875,268.23272705078125,83258100
2019-09-06,298.04998779296875,268.4398193359375,49584300
2019-09-09,298.20001220703125,268.574951171875,51260300
2019-09-10,298.1300048828125,268.51190185546875,57947100
2019-09-11,300.25,270.4212951660156,68821100
2019-09-12,301.2900085449219,271.35791015625,72908700
2019-09-13,301.0899963378906,271.1778259277344,62104800
2019-09-16,300.1600036621094,270.3401184082031,58191200
2019-09-17,300.9200134277344,271.0247802734375,41475500
2019-09-18,301.1000061035156,271.1868896484375,73375800
2019-09-19,301.0799865722656,271.16876220703125,76560500
2019-09-20,298.2799987792969,269.8876037597656,89565000
2019-09-23,298.2099914550781,269.8242492675781,43476800
2019-09-24,295.8699951171875,267.7070007324219,94869400
2019-09-25,297.6199951171875,269.2904052734375,71854000
2019-09-26,297.0,268.7294616699219,56179700
2019-09-27,295.3999938964844,267.2817687988281,84746600
2019-09-30,296.7699890136719,268.5213623046875,51662400
2019-10-01,293.239990234375,265.32733154296875,88242400
2019-10-02,288.05999755859375,260.6404113769531,122539500
2019-10-03,290.4200134277344,262.7758483886719,85278800
2019-10-04,294.3500061035156,266.3316650390625,65091200
2019-10-07,293.0799865722656,265.1824951171875,59610500
2019-10-08,288.5299987792969,261.065673828125,95708100
2019-10-09,291.2699890136719,263.5448303222656,62359400
2019-10-10,293.239990234375,265.32733154296875,55296300
2019-10-11,296.2799987792969,268.07794189453125,98720400
2019-10-14,295.95001220703125,267.7793884277344,40394800
2019-10-15,298.8800048828125,270.4304504394531,46754500
2019-10-16,298.3999938964844,269.9962463378906,48928200
2019-10-17,299.2799987792969,270.7925109863281,45736600
2019-10-18,297.9700012207031,269.60699462890625,64304000
2019-10-21,299.989990234375,271.43487548828125,39048600
2019-10-22,299.010009765625,270.5480651855469,48594700
2019-10-23,299.8800048828125,271.3352966308594,34352200
2019-10-24,300.3699951171875,271.7787170410156,35453100
2019-10-25,301.6000061035156,272.89154052734375,45205400
2019-10-28,303.29998779296875,274.4296875,42147000
2019-10-29,303.2099914550781,274.34832763671875,44284900
2019-10-30,304.1400146484375,275.18975830078125,49643900
2019-10-31,303.3299865722656,274.4569091796875,69053800
2019-11-01,306.1400146484375,276.9994812011719,71141500
2019-11-04,307.3699951171875,278.1123046875,60606900
2019-11-05,307.0299987792969,277.8046875,42933200
2019-11-06,307.1000061035156,277.8680725097656,46487100
2019-11-07,308.17999267578125,278.8453369140625,54272300
2019-11-08,308.94000244140625,279.5329284667969,49032100
2019-11-11,308.3500061035156,278.9990539550781,35797300
2019-11-12,309.0,279.58709716796875,46484600
2019-11-13,309.1000061035156,279.6777038574219,53917700
2019-11-14,309.54998779296875,280.08489990234375,51219900
2019-11-15,311.7900085449219,282.1116027832031,62023600
2019-11-18,312.0199890136719,282.3197021484375,49228000
2019-11-19,311.92999267578125,282.2382507324219,67804700
2019-11-20,310.7699890136719,281.18878173828125,79406200
2019-11-21,310.2699890136719,280.73626708984375,54664700
2019-11-22,310.9599914550781,281.36065673828125,44850200
2019-11-25,313.3699951171875,283.54119873046875,48647200
2019-11-26,314.0799865722656,284.1836242675781,37569000
2019-11-27,315.4800109863281,285.4504089355469,44444600
2019-11-29,314.30999755859375,284.3917541503906,36592700
2019-12-02,311.6400146484375,281.97589111328125,75767800
2019-12-03,309.54998779296875,280.08489990234375,73941700
2019-12-04,311.4599914550781,281.8129577636719,49080000
2019-12-05,312.0199890136719,282.3197021484375,40709000
2019-12-06,314.8699951171875,284.8985290527344,48927000
2019-12-09,313.8800048828125,284.002685546875,34838500
2019-12-10,313.5299987792969,283.6859436035156,52649800
2019-12-11,314.4200134277344,284.4913024902344,53429100
2019-12-12,317.1300048828125,286.9433898925781,96389600
2019-12-13,317.32000732421875,287.11517333984375,81503900
2019-12-16,319.5,289.08770751953125,82749700
2019-12-17,319.57000732421875,289.15106201171875,61097700
2019-12-18,319.5899963378906,289.1691589355469,48133000
2019-12-19,320.8999938964844,290.3544616699219,85310500
2019-12-20,320.7300109863281,291.6274108886719,147142100
2019-12-23,321.2200012207031,292.072998046875,52990000
2019-12-24,321.2300109863281,292.0820617675781,20270000
2019-12-26,322.94000244140625,293.6369323730469,30911200
2019-12-27,322.8599853515625,293.56414794921875,42528800
2019-12-30,321.0799865722656,291.9455871582031,49729100
2019-12-31,321.8599853515625,292.6548767089844,57077300
2020-01-02,324.8699951171875,295.3916931152344,59151200
2020-01-03,322.4100036621094,293.1549987792969,77709700
2020-01-06,323.6400146484375,294.2734680175781,55653900
2020-01-07,322.7300109863281,293.446044921875,40496400
2020-01-08,324.45001220703125,295.0098876953125,68296000
2020-01-09,326.6499938964844,297.0102844238281,48473300
2020-01-10,325.7099914550781,296.155517578125,53029300
2020-01-13,327.95001220703125,298.1922607421875,47086800
2020-01-14,327.45001220703125,297.7377014160156,62832800
2020-01-15,328.19000244140625,298.41046142578125,72056600
2020-01-16,330.9200134277344,300.89288330078125,54050300
2020-01-17,331.95001220703125,301.8292541503906,95846000
2020-01-21,331.29998779296875,301.2383117675781,77742400
2020-01-22,331.3399963378906,301.2746887207031,48914900
2020-01-23,331.7200012207031,301.6202392578125,51963000
2020-01-24,328.7699890136719,298.9378356933594,87578400
2020-01-27,323.5,294.1460876464844,84062500
2020-01-28,326.8900146484375,297.228515625,63834000
2020-01-29,326.6199951171875,296.98297119140625,53888900
2020-01-30,327.67999267578125,297.94683837890625,75491800
2020-01-31,321.7300109863281,292.5367736816406,113845600
2020-02-03,324.1199951171875,294.7098083496094,69083000
2020-02-04,329.05999755859375,299.2015686035156,62573200
2020-02-05,332.8599853515625,302.6567077636719,65951100
2020-02-06,333.9800109863281,303.6751708984375,50359700
2020-02-07,332.20001220703125,302.056640625,64139400
2020-02-10,334.67999267578125,304.3116760253906,42070000
2020-02-11,335.260009765625,304.8389892578125,54864500
2020-02-12,337.4200134277344,306.80303955078125,43992700
2020-02-13,337.05999755859375,306.4757080078125,54501900
2020-02-14,337.6000061035156,306.96673583984375,64582200
2020-02-18,336.7300109863281,306.1756896972656,57226200
2020-02-19,338.3399963378906,307.6395263671875,48814700
2020-02-20,336.95001220703125,306.37567138671875,74163400
2020-02-21,333.4800109863281,303.22052001953125,113788200
2020-02-24,322.4200134277344,293.16412353515625,161088400
2020-02-25,312.6499938964844,284.28057861328125,218913200
2020-02-26,311.5,283.23492431640625,194773800
2020-02-27,297.510009765625,270.514404296875,284353500
2020-02-28,296.260009765625,269.3778381347656,384975800
2020-03-02,309.0899963378906,281.0436096191406,238703600
2020-03-03,300.239990234375,272.99664306640625,300139100
2020-03-04,312.8599853515625,284.4715576171875,176613400
2020-03-05,302.4599914550781,275.0152587890625,186366800
2020-03-06,297.4599914550781,270.4689025878906,228667200
2020-03-09,274.2300109863281,249.3467254638672,309417300
2020-03-10,288.4200134277344,262.249267578125,276444100
2020-03-11,274.3599853515625,249.4649658203125,255316300
2020-03-12,248.11000061035156,225.5968780517578,392220700
2020-03-13,269.32000732421875,244.88226318359375,329566100
2020-03-16,239.85000610351562,218.0863800048828,297240000
2020-03-17,252.8000030517578,229.86131286621094,262070500
2020-03-18,240.0,218.2227325439453,327597100
2020-03-19,240.50999450683594,218.68646240234375,289322000
2020-03-20,228.8000030517578,209.26234436035156,347158800
2020-03-23,222.9499969482422,203.911865234375,326025200
2020-03-24,243.14999389648438,222.38697814941406,235494500
2020-03-25,246.7899932861328,225.71617126464844,299430300
2020-03-26,261.20001220703125,238.89572143554688,257632800
2020-03-27,253.4199981689453,231.7799835205078,224341200
2020-03-30,261.6499938964844,239.30723571777344,171369500
2020-03-31,257.75,235.74026489257812,194881100
2020-04-01,246.14999389648438,225.13084411621094,189554600
2020-04-02,251.8300018310547,230.32577514648438,177660400
2020-04-03,248.19000244140625,226.99661254882812,135561200
2020-04-06,264.8599853515625,242.24310302734375,188061200
2020-04-07,265.1300048828125,242.49005126953125,201427200
2020-04-08,274.0299987792969,250.63006591796875,153774500
2020-04-09,278.20001220703125,254.44400024414062,189999200
2020-04-13,275.6600036621094,252.1208953857422,114839100
2020-04-14,283.7900085449219,259.55670166015625,134143400
2020-04-15,277.760009765625,254.04153442382812,121775000
2020-04-16,279.1000061035156,255.2671356201172,131798300
2020-04-17,286.6400146484375,262.163330078125,146684800
2020-04-20,281.5899963378906,257.5445251464844,100109300
2020-04-21,273.0400085449219,249.72467041015625,126385700
2020-04-22,279.1000061035156,255.2671356201172,92951600
2020-04-23,279.0799865722656,255.24876403808594,104709700
2020-04-24,282.9700012207031,258.8067626953125,85063200
2020-04-27,287.04998779296875,262.5382385253906,77896600
2020-04-28,285.7300109863281,261.3309631347656,105270000
2020-04-29,293.2099914550781,268.1722412109375,118745600
2020-04-30,290.4800109863281,265.67535400390625,122901700
2020-05-01,282.7900085449219,258.6419677734375,125180000
2020-05-04,283.57000732421875,259.3554382324219,80873200
2020-05-05,286.19000244140625,261.751708984375,79569900
2020-05-06,284.25,259.97735595703125,73632600
2020-05-07,287.67999267578125,263.1144714355469,75250400
2020-05-08,292.44000244140625,267.46807861328125,76452400
2020-05-11,292.5,267.5228576660156,79514200
2020-05-12,286.6700134277344,262.1907958984375,95870800
2020-05-13,281.6000061035156,257.5536804199219,144721100
2020-05-14,284.9700012207031,260.63592529296875,121977900
2020-05-15,286.2799987792969,261.833984375,111146300
2020-05-18,295.0,269.8093566894531,119703800
2020-05-19,291.9700012207031,267.03814697265625,95189300
2020-05-20,296.92999267578125,271.57464599609375,85861700
2020-05-21,294.8800048828125,269.69970703125,78293900
2020-05-22,295.44000244140625,270.2118225097656,63958200
2020-05-26,299.0799865722656,273.5410461425781,88951400
2020-05-27,303.5299987792969,277.6109924316406,104817400
2020-05-28,302.9700012207031,277.0988464355469,90405200
2020-05-29,304.32000732421875,278.3335876464844,119090800
2020-06-01,305.54998779296875,279.45849609375,55758300
2020-06-02,308.0799865722656,281.7724914550781,74267200
2020-06-03,312.17999267578125,285.5224304199219,92567600
2020-06-04,311.3599853515625,284.7723388671875,75794400
2020-06-05,319.3399963378906,292.07098388671875,150524700
2020-06-08,323.20001220703125,295.6014099121094,73641200
2020-06-09,320.7900085449219,293.3971862792969,77479200
2020-06-10,319.0,291.7600402832031,95000800
2020-06-11,300.6099853515625,274.9403076171875,209243600
2020-06-12,304.2099914550781,278.2329406738281,194678900
2020-06-15,307.04998779296875,280.8304443359375,135782700
2020-06-16,312.9599914550781,286.2356872558594,137627500
2020-06-17,311.6600036621094,285.0467529296875,83398900
2020-06-18,311.7799987792969,285.1564636230469,80828700
2020-06-19,308.6400146484375,283.5268859863281,135549600
2020-06-22,310.6199951171875,285.34576416015625,74649400
2020-06-23,312.04998779296875,286.65948486328125,68471200
2020-06-24,304.0899963378906,279.34710693359375,132813500
2020-06-25,307.3500061035156,282.341796875,89468000
2020-06-26,300.04998779296875,275.63580322265625,127961000
2020-06-29,304.4599914550781,279.68701171875,79773300
2020-06-30,308.3599853515625,283.2696228027344,113394800
2020-07-01,310.5199890136719,285.2538757324219,72396500
2020-07-02,312.2300109863281,286.82476806640625,69344200
2020-07-06,317.04998779296875,291.2525634765625,61713800
2020-07-07,313.7799987792969,288.2486267089844,82910000
2020-07-08,316.17999267578125,290.4533386230469,54638600
2020-07-09,314.3800048828125,288.7998046875,83354200
2020-07-10,317.5899963378906,291.7486572265625,57550400
2020-07-13,314.8399963378906,289.2224426269531,102997500
2020-07-14,318.9200134277344,292.9704895019531,93657000
2020-07-15,321.8500061035156,295.6621398925781,87196500
2020-07-16,320.7900085449219,294.6882629394531,54622500
2020-07-17,321.7200012207031,295.5426330566406,62774900
2020-07-20,324.32000732421875,297.9310607910156,56308800
2020-07-21,325.010009765625,298.56488037109375,57292200
2020-07-22,326.8599853515625,300.2643737792969,57792900
2020-07-23,322.9599914550781,296.6817626953125,75738000
2020-07-24,320.8800048828125,294.77099609375,73766600
2020-07-27,323.2200012207031,296.9205627441406,48293000
2020-07-28,321.1700134277344,295.037353515625,57495000
2020-07-29,325.1199951171875,298.66595458984375,48454200
2020-07-30,323.9599914550781,297.6003112792969,61861700
2020-07-31,326.5199890136719,299.95208740234375,84986800
2020-08-03,328.7900085449219,302.037353515625,53077900
2020-08-04,330.05999755859375,303.2039489746094,41917900
2020-08-05,332.1099853515625,305.0871887207031,42697700
2020-08-06,334.3299865722656,307.1265869140625,43679400
2020-08-07,334.57000732421875,307.3470764160156,57308300
2020-08-10,335.57000732421875,308.2656555175781,44282100
2020-08-11,332.79998779296875,305.7210693359375,69601100
2020-08-12,337.44000244140625,309.9835205078125,53774400
2020-08-13,336.8299865722656,309.4232177734375,41816100
2020-08-14,336.8399963378906,309.432373046875,47260400
2020-08-17,337.9100036621094,310.4153747558594,35481000
2020-08-18,338.6400146484375,311.0858459472656,38733900
2020-08-19,337.2300109863281,309.79058837890625,68054200
2020-08-20,338.2799987792969,310.7550964355469,42207800
2020-08-21,339.4800109863281,311.8575439453125,55106600
2020-08-24,342.9200134277344,315.01763916015625,48588700
2020-08-25,344.1199951171875,316.1199035644531,38463400
2020-08-26,347.57000732421875,319.2892761230469,50790200
2020-08-27,348.3299865722656,319.9874267578125,58034100
2020-08-28,350.5799865722656,322.05438232421875,48588900
2020-08-31,349.30999755859375,320.88775634765625,66099200
2020-09-01,352.6000061035156,323.90997314453125,54908700
2020-09-02,357.70001220703125,328.59503173828125,69540000
2020-09-03,345.3900146484375,317.2866516113281,148011100
2020-09-04,342.57000732421875,314.6960754394531,139156300
2020-09-08,333.2099914550781,306.09771728515625,114465300
2020-09-09,339.7900085449219,312.142333984375,91462300
2020-09-10,333.8900146484375,306.72235107421875,90569500
2020-09-11,334.05999755859375,306.87860107421875,84680200
2020-09-14,338.4599914550781,310.9205627441406,65605700
2020-09-15,340.1700134277344,312.4914245605469,52920900
2020-09-16,338.82000732421875,311.25128173828125,82096000
2020-09-17,335.8399963378906,308.5137023925781,91523300
2020-09-18,330.6499938964844,304.96185302734375,105877900
2020-09-21,326.9700012207031,301.56781005859375,99450800
2020-09-22,330.29998779296875,304.6390075683594,63612100
2020-09-23,322.6400146484375,297.57421875,93112200
2020-09-24,323.5,298.3673400878906,76681300
2020-09-25,328.7300109863281,303.1910705566406,71069400
2020-09-28,334.19000244140625,308.2268371582031,64584600
2020-09-29,332.3699951171875,306.5481872558594,51304000
2020-09-30,334.8900146484375,308.87255859375,104081100
2020-10-01,337.0400085449219,310.85552978515625,88698700
2020-10-02,333.8399963378906,307.904052734375,89431100
2020-10-05,339.760009765625,313.3641052246094,45713100
2020-10-06,334.92999267578125,308.9093933105469,90128900
2020-10-07,340.760009765625,314.2864685058594,56999600
2020-10-08,343.7799987792969,317.0718078613281,45242500
2020-10-09,346.8500061035156,319.90325927734375,59528600
2020-10-12,352.42999267578125,325.0497131347656,80388500
2020-10-13,350.1300048828125,322.92852783203125,73255500
2020-10-14,347.92999267578125,320.8994140625,57727900
2020-10-15,347.5,320.5028076171875,60357700
2020-10-16,347.2900085449219,320.30914306640625,89501900
2020-10-19,342.010009765625,315.4393310546875,68425600
2020-10-20,343.3800048828125,316.7028503417969,60051900
2020-10-21,342.7300109863281,316.1033630371094,63575000
2020-10-22,344.6099853515625,317.8373718261719,55399300
2020-10-23,345.7799987792969,318.91644287109375,49143900
2020-10-26,339.3900146484375,313.0228576660156,91473000
2020-10-27,338.2200012207031,311.9437561035156,65994100
2020-10-28,326.6600036621094,301.2818298339844,127094300
2020-10-29,329.9800109863281,304.3439636230469,90597700
2020-10-30,326.5400085449219,301.171142578125,120287300
2020-11-02,330.20001220703125,304.5468444824219,86068300
2020-11-03,336.0299987792969,309.92388916015625,93294200
2020-11-04,343.5400085449219,316.8504333496094,126959700
2020-11-05,350.239990234375,323.0299072265625,82039700
2020-11-06,350.1600036621094,322.95611572265625,74973000
2020-11-09,354.55999755859375,327.0143127441406,172304200
2020-11-10,354.0400085449219,326.5347595214844,85552000
2020-11-11,356.6700134277344,328.9603576660156,58649000
2020-11-12,353.2099914550781,325.76922607421875,67546200
2020-11-13,358.1000061035156,330.2793273925781,62892200
2020-11-16,362.57000732421875,334.40203857421875,74541100
2020-11-17,360.6199951171875,332.60357666015625,66111000
2020-11-18,356.2799987792969,328.6007080078125,70591300
2020-11-19,357.7799987792969,329.9841613769531,59940900
2020-11-20,355.3299865722656,327.7245178222656,70417300
2020-11-23,357.4599914550781,329.6889953613281,63230600
2020-11-24,363.2200012207031,335.0015563964844,62415900
2020-11-25,362.6600036621094,334.48504638671875,45330900
2020-11-27,363.6700134277344,335.4166564941406,28514100
2020-11-30,362.05999755859375,333.9316711425781,83872700
2020-12-01,366.0199890136719,337.58404541015625,74231400
2020-12-02,366.7900085449219,338.2941589355469,45927000
2020-12-03,366.69000244140625,338.2019958496094,62882000
2020-12-04,369.8500061035156,341.1164855957031,50749900
2020-12-07,369.0899963378906,340.4155578613281,48944300
2020-12-08,370.1700134277344,341.4115905761719,42458900
2020-12-09,366.8500061035156,338.3495178222656,74098300
2020-12-10,366.7300109863281,338.2388000488281,57735400
2020-12-11,366.29998779296875,337.84228515625,57698600
2020-12-14,364.6600036621094,336.32965087890625,69216200
2020-12-15,369.5899963378906,340.876708984375,63865300
2020-12-16,370.1700134277344,341.4115905761719,58420500
2020-12-17,372.239990234375,343.32080078125,64119500
2020-12-18,369.17999267578125,341.9499206542969,136542300
2020-12-21,367.8599853515625,340.72723388671875,96386700
2020-12-22,367.239990234375,340.153076171875,47949000
2020-12-23,367.57000732421875,340.4587097167969,46201400
2020-12-24,369.0,341.7831726074219,26457900
2020-12-28,372.1700134277344,344.7193908691406,39000400
2020-12-29,371.4599914550781,344.0617370605469,53680500
2020-12-30,371.989990234375,344.552734375,49455300
2020-12-31,373.8800048828125,346.30328369140625,78520700
2021-01-04,368.7900085449219,341.5886535644531,110210800
2021-01-05,371.3299865722656,343.9413757324219,66426200
2021-01-06,373.54998779296875,345.99761962890625,107997700
2021-01-07,379.1000061035156,351.1382141113281,68766800
2021-01-08,381.260009765625,353.1389465332031,71677200
2021-01-11,378.69000244140625,350.75848388671875,51034700
2021-01-12,378.7699890136719,350.8326416015625,52547700
2021-01-13,379.7900085449219,351.77740478515625,45303600
2021-01-14,378.4599914550781,350.54541015625,49989100
2021-01-15,375.70001220703125,347.98907470703125,107160000
2021-01-19,378.6499938964844,350.72137451171875,51233300
2021-01-20,383.8900146484375,355.57501220703125,61836100
2021-01-21,384.239990234375,355.89910888671875,47840100
2021-01-22,382.8800048828125,354.6394348144531,52860500
2021-01-25,384.3900146484375,356.0380554199219,70402000
2021-01-26,383.7900085449219,355.48223876953125,42665300
2021-01-27,374.4100036621094,346.7942199707031,123351100
2021-01-28,377.6300048828125,349.77667236328125,94198100
2021-01-29,370.07000732421875,342.7742614746094,126765100
2021-02-01,376.2300109863281,348.4799499511719,75817600
2021-02-02,381.54998779296875,353.4075012207031,64450700
2021-02-03,381.8500061035156,353.6854553222656,52427100
2021-02-04,386.19000244140625,357.705322265625,47142600
2021-02-05,387.7099914550781,359.11322021484375,48669800
2021-02-08,390.510009765625,361.70672607421875,38365200
2021-02-09,390.25,361.4657897949219,35551100
2021-02-10,390.0799865722656,361.3083801269531,59154400
2021-02-11,390.7099914550781,361.891845703125,42913300
2021-02-12,392.6400146484375,363.6795654296875,50593300
2021-02-16,392.29998779296875,363.3646545410156,50972400
2021-02-17,392.3900146484375,363.44805908203125,52290600
2021-02-18,390.7200012207031,361.9011535644531,59712800
2021-02-19,390.0299987792969,361.2621154785156,83241000
2021-02-22,387.0299987792969,358.4833679199219,67414200
2021-02-23,387.5,358.9187316894531,107284100
2021-02-24,391.7699890136719,362.87371826171875,72433900
2021-02-25,382.3299865722656,354.1300354003906,146670500
2021-02-26,380.3599853515625,352.30523681640625,152701600
2021-03-01,389.5799865722656,360.8451843261719,105348800
2021-03-02,386.5400085449219,358.02947998046875,79595300
2021-03-03,381.4200134277344,353.287109375,119940200
2021-03-04,376.70001220703125,348.915283203125,183433000
2021-03-05,383.6300048828125,355.3341064453125,152039600
2021-03-08,381.7200012207031,353.56500244140625,123149200
2021-03-09,387.1700134277344,358.6130065917969,113633600
2021-03-10,389.5799865722656,360.8451843261719,109899400
2021-03-11,393.5299987792969,364.50390625,86245000
2021-03-12,394.05999755859375,364.99481201171875,64653600
2021-03-15,396.4100036621094,367.1714782714844,73427200
2021-03-16,395.9100036621094,366.7084045410156,73722500
2021-03-17,397.260009765625,367.95880126953125,97959300
2021-03-18,391.4800109863281,362.6051940917969,115349100
2021-03-19,389.4800109863281,361.9342956542969,113624500
2021-03-22,392.5899963378906,364.82421875,73778600
2021-03-23,389.5,361.952880859375,90686600
2021-03-24,387.5199890136719,360.1127624511719,97588600
2021-03-25,389.70001220703125,362.138671875,116128600
2021-03-26,395.9800109863281,367.9744567871094,114409100
2021-03-29,395.7799987792969,367.78863525390625,108107600
2021-03-30,394.7300109863281,366.8128662109375,76262200
2021-03-31,396.3299865722656,368.2996826171875,112734200
2021-04-01,400.6099853515625,372.2770080566406,99682900
2021-04-05,406.3599853515625,377.62030029296875,91684800
2021-04-06,406.1199951171875,377.39727783203125,62021000
2021-04-07,406.5899963378906,377.83404541015625,55836300
2021-04-08,408.5199890136719,379.62762451171875,57863100
2021-04-09,411.489990234375,382.38751220703125,61104600
2021-04-12,411.6400146484375,382.5268859863281,56704900
2021-04-13,412.8599853515625,383.66070556640625,56551000
2021-04-14,411.45001220703125,382.350341796875,61659900
2021-04-15,415.8699951171875,386.4577941894531,60229800
2021-04-16,417.260009765625,387.7494201660156,82037300
2021-04-19,415.2099914550781,385.8444519042969,78498500
2021-04-20,412.1700134277344,383.0195007324219,81851800
2021-04-21,416.07000732421875,386.6435852050781,66793000
2021-04-22,412.2699890136719,383.1123962402344,97582800
2021-04-23,416.739990234375,387.2662353515625,73209200
2021-04-26,417.6099853515625,388.0747375488281,52182400
2021-04-27,417.5199890136719,387.9910583496094,51303100
2021-04-28,417.3999938964844,387.8795471191406,51238900
2021-04-29,420.05999755859375,390.3514099121094,78544300
2021-04-30,417.29998779296875,387.7866516113281,85527000
2021-05-03,418.20001220703125,388.6229553222656,68128300
2021-05-04,415.6199951171875,386.2254943847656,101591200
2021-05-05,415.75,386.3462829589844,60162200
2021-05-06,419.07000732421875,389.43145751953125,74321400
2021-05-07,422.1199951171875,392.2657470703125,67733800
2021-05-10,417.94000244140625,388.3814392089844,81852400
2021-05-11,414.2099914550781,384.91522216796875,116888000
2021-05-12,405.4100036621094,376.737548828125,134811000
2021-05-13,410.2799987792969,381.26312255859375,106394000
2021-05-14,416.5799865722656,387.1175231933594,82201600
2021-05-17,415.5199890136719,386.1324462890625,65129200
2021-05-18,411.94000244140625,382.8056945800781,59810200
2021-05-19,410.8599853515625,381.8021240234375,106467100
2021-05-20,415.2799987792969,385.9095458984375,78022200
2021-05-21,414.94000244140625,385.59356689453125,76578700
2021-05-24,419.1700134277344,389.5243835449219,51376700
2021-05-25,418.239990234375,388.66009521484375,57451400
2021-05-26,419.07000732421875,389.43145751953125,43088600
2021-05-27,419.2900085449219,389.6357727050781,56707700
2021-05-28,420.0400085449219,390.3327941894531,58520200
2021-06-01,419.6700134277344,389.98907470703125,54216600
2021-06-02,420.3299865722656,390.60235595703125,49097100
2021-06-03,418.7699890136719,389.1526184082031,58138800
2021-06-04,422.6000061035156,392.7117919921875,55938800
2021-06-07,422.19000244140625,392.3307189941406,51555000
2021-06-08,422.2799987792969,392.4144287109375,47134300
2021-06-09,421.6499938964844,391.8289489746094,48436300
2021-06-10,423.6099853515625,393.650390625,51020100
2021-06-11,424.30999755859375,394.30084228515625,45570800
2021-06-14,425.260009765625,395.1837158203125,42358500
2021-06-15,424.4800109863281,394.45880126953125,51508500
2021-06-16,422.1099853515625,392.2565002441406,80386100
2021-06-17,421.9700012207031,392.1263427734375,90949700
2021-06-18,414.9200134277344,386.83642578125,118676300
2021-06-21,420.8599853515625,392.3743591308594,72822000
2021-06-22,423.1099853515625,394.4720458984375,57700300
2021-06-23,422.6000061035156,393.99664306640625,49445400
2021-06-24,425.1000061035156,396.3273620605469,45110300
2021-06-25,426.6099853515625,397.7350769042969,58129500
2021-06-28,427.4700012207031,398.5369873046875,53159600
2021-06-29,427.70001220703125,398.7513732910156,35970500
2021-06-30,428.05999755859375,399.0870361328125,64827900
2021-07-01,430.42999267578125,401.2965393066406,53441000
2021-07-02,433.7200012207031,404.3639221191406,57697700
2021-07-06,432.92999267578125,403.6272888183594,68710400
2021-07-07,434.4599914550781,405.0538330078125,63549500
2021-07-08,430.9200134277344,401.75341796875,97595200
2021-07-09,435.5199890136719,406.0420837402344,76238600
2021-07-12,437.0799865722656,407.49652099609375,52889600
2021-07-13,435.5899963378906,406.1073303222656,52911300
2021-07-14,436.239990234375,406.7133483886719,64130400
2021-07-15,434.75,405.32415771484375,55126400
2021-07-16,431.3399963378906,402.1450500488281,75874700
2021-07-19,424.9700012207031,396.2061462402344,147987000
2021-07-20,431.05999755859375,401.8839111328125,99608200
2021-07-21,434.54998779296875,405.1377868652344,64724400
2021-07-22,435.4599914550781,405.98614501953125,47878500
2021-07-23,439.94000244140625,410.1629333496094,63766600
2021-07-26,441.0199890136719,411.1697998046875,43719200
2021-07-27,439.010009765625,409.2958984375,67397100
2021-07-28,438.8299865722656,409.1280822753906,52472400
2021-07-29,440.6499938964844,410.82489013671875,47435300
2021-07-30,438.510009765625,408.8297424316406,68951200
2021-08-02,437.5899963378906,407.97198486328125,58783300
2021-08-03,441.1499938964844,411.291015625,58053900
2021-08-04,438.9800109863281,409.2679138183594,46732200
2021-08-05,441.760009765625,411.8597106933594,38969700
2021-08-06,442.489990234375,412.5403137207031,46930000
2021-08-09,442.1300048828125,412.2047119140625,41222600
2021-08-10,442.67999267578125,412.7174987792969,43339300
2021-08-11,443.7799987792969,413.7430114746094,44034300
2021-08-12,445.1099853515625,414.9830627441406,38909400
2021-08-13,445.9200134277344,415.7381896972656,39470300
2021-08-16,446.9700012207031,416.7171325683594,73740000
2021-08-17,444.0400085449219,413.9854431152344,92673900
2021-08-18,439.17999267578125,409.454345703125,89351900
2021-08-19,439.8599853515625,410.08831787109375,92812200
2021-08-20,443.3599853515625,413.3514709472656,72008700
2021-08-23,447.260009765625,416.9875183105469,54973000
2021-08-24,447.9700012207031,417.6494445800781,38744700
2021-08-25,448.9100036621094,418.5257873535156,40529700
2021-08-26,446.260009765625,416.0552062988281,57829600
2021-08-27,450.25,419.7751159667969,77235100
2021-08-30,452.2300109863281,421.6211242675781,48357400
2021-08-31,451.55999755859375,420.9963684082031,59300200
2021-09-01,451.79998779296875,421.2201232910156,48721400
2021-09-02,453.19000244140625,422.5160827636719,42501000
2021-09-03,453.0799865722656,422.41351318359375,47170500
2021-09-07,451.4599914550781,420.9031982421875,51671500
2021-09-08,450.9100036621094,420.39044189453125,56181900
2021-09-09,448.9800109863281,418.5910949707031,57970400
2021-09-10,445.44000244140625,415.29071044921875,89948200
2021-09-13,446.5799865722656,416.3535461425781,83738600
2021-09-14,444.1700134277344,414.1065673828125,78197100
2021-09-15,447.8800048828125,417.5655212402344,78792200
2021-09-16,447.1700134277344,416.903564453125,77786700
2021-09-17,441.3999938964844,412.8424987792969,118425000
2021-09-20,434.0400085449219,405.9587097167969,166445500
2021-09-21,433.6300048828125,405.5751953125,92526100
2021-09-22,437.8599853515625,409.531494140625,102350100
2021-09-23,443.17999267578125,414.50726318359375,76396000
2021-09-24,443.9100036621094,415.1901550292969,62094800
2021-09-27,442.6400146484375,414.0022888183594,61371100
2021-09-28,433.7200012207031,405.6593322753906,130436300
2021-09-29,434.45001220703125,406.3421325683594,82329200
2021-09-30,429.1400146484375,401.375732421875,140506000
2021-10-01,434.239990234375,406.1457214355469,129240100
2021-10-04,428.6400146484375,400.9080810546875,128570000
2021-10-05,433.1000061035156,405.0794982910156,90682500
2021-10-06,434.8999938964844,406.7630310058594,113032200
2021-10-07,438.6600036621094,410.27978515625,72437500
2021-10-08,437.8599853515625,409.531494140625,74557400
2021-10-11,434.69000244140625,406.566650390625,65233300
2021-10-12,433.6199951171875,405.5658264160156,71181200
2021-10-13,435.17999267578125,407.02490234375,72974000
2021-10-14,442.5,413.871337890625,70236800
2021-10-15,445.8699951171875,417.02325439453125,66260200
2021-10-18,447.19000244140625,418.2579345703125,62213200
2021-10-19,450.6400146484375,421.4847412109375,46996800
2021-10-20,452.4100036621094,423.1401672363281,49571600
2021-10-21,453.5899963378906,424.243896484375,41305400
2021-10-22,453.1199951171875,423.80426025390625,58845100
2021-10-25,455.54998779296875,426.0769958496094,45214500
2021-10-26,455.9599914550781,426.4604797363281,56075100
2021-10-27,453.94000244140625,424.5711669921875,72438000
2021-10-28,458.32000732421875,428.6678466796875,51437900
2021-10-29,459.25,429.53765869140625,70162400
2021-11-01,460.0400085449219,430.2765808105469,48433600
2021-11-02,461.8999938964844,432.0161437988281,48908400
2021-11-03,464.7200012207031,434.6537780761719,52509800
2021-11-04,466.9100036621094,436.7020568847656,52847100
2021-11-05,468.5299987792969,438.2173156738281,66390600
2021-11-08,468.92999267578125,438.59136962890625,50405200
2021-11-09,467.3800048828125,437.1416320800781,51149100
2021-11-10,463.6199951171875,433.6248779296875,69429700
2021-11-11,463.7699890136719,433.7652282714844,34848500
2021-11-12,467.2699890136719,437.0387878417969,53466700
2021-11-15,467.42999267578125,437.1884460449219,46980500
2021-11-16,469.2799987792969,438.9187316894531,48857500
2021-11-17,468.1400146484375,437.85247802734375,47858300
2021-11-18,469.7300109863281,439.33966064453125,50625600
2021-11-19,468.8900146484375,438.5540771484375,57315600
2021-11-22,467.57000732421875,437.3193359375,72762000
2021-11-23,468.19000244140625,437.8992614746094,73206500
2021-11-24,469.44000244140625,439.0683288574219,61858800
2021-11-26,458.9700012207031,429.2757568359375,112669600
2021-11-29,464.6000061035156,434.5414733886719,86268800
2021-11-30,455.55999755859375,426.0863952636719,148559600
2021-12-01,450.5,421.35369873046875,131939200
2021-12-02,457.3999938964844,427.807373046875,127637800
2021-12-03,453.4200134277344,424.0848388671875,137331600
2021-12-06,458.7900085449219,429.107421875,98977500
2021-12-07,468.2799987792969,437.9833984375,95484700
2021-12-08,469.5199890136719,439.1431884765625,72238800
2021-12-09,466.3500061035156,436.17828369140625,61272600
2021-12-10,470.739990234375,440.28424072265625,77159800
2021-12-13,466.57000732421875,436.384033203125,87724700
2021-12-14,463.3599853515625,433.3817443847656,97264100
2021-12-15,470.6000061035156,440.1533508300781,116899300
2021-12-16,466.45001220703125,436.2718811035156,116568600
2021-12-17,459.8699951171875,431.6286315917969,135511600
2021-12-20,454.9800109863281,427.0389404296875,107134800
2021-12-21,463.05999755859375,434.6227111816406,69806300
2021-12-22,467.69000244140625,438.9684143066406,58890200
2021-12-23,470.6000061035156,441.69970703125,56439700
2021-12-27,477.260009765625,447.95068359375,56808600
2021-12-28,476.8699951171875,447.5846252441406,47274600
2021-12-29,477.4800109863281,448.1572265625,54503000
2021-12-30,476.1600036621094,446.91827392578125,55329000
2021-12-31,474.9599914550781,445.7919006347656,65237400
2022-01-03,477.7099914550781,448.3730773925781,72668200
2022-01-04,477.54998779296875,448.2228698730469,71178700
2022-01-05,468.3800048828125,439.61602783203125,104538900
2022-01-06,467.94000244140625,439.2030334472656,86858900
2022-01-07,466.0899963378906,437.4666442871094,85111600
2022-01-10,465.510009765625,436.9222412109375,119362000
2022-01-11,469.75,440.9019470214844,74303100
2022-01-12,471.0199890136719,442.09393310546875,67605400
2022-01-13,464.5299987792969,436.00250244140625,91173100
2022-01-14,464.7200012207031,436.1808166503906,95890900
2022-01-18,456.489990234375,428.4561767578125,109709100
2022-01-19,451.75,424.0072937011719,109357600
2022-01-20,446.75,419.3143005371094,122379700
2022-01-21,437.9800109863281,411.08294677734375,202271200
2022-01-24,439.8399963378906,412.8287658691406,251783900
2022-01-25,434.4700012207031,407.7884521484375,167997300
2022-01-26,433.3800048828125,406.7654113769531,186391100
2022-01-27,431.239990234375,404.7568359375,149878300
2022-01-28,441.95001220703125,414.8091125488281,164457400
2022-01-31,449.9100036621094,422.28033447265625,152251400
2022-02-01,452.95001220703125,425.1335754394531,123155400
2022-02-02,457.3500061035156,429.2633972167969,117361000
2022-02-03,446.6000061035156,419.1735534667969,118024400
2022-02-04,448.70001220703125,421.1446838378906,118454400
2022-02-07,447.260009765625,419.7930908203125,84472900
2022-02-08,450.94000244140625,423.24700927734375,81012000
2022-02-09,457.5400085449219,429.4417724609375,92589900
2022-02-10,449.32000732421875,421.7265930175781,140103700
2022-02-11,440.4599914550781,413.41064453125,153214600
2022-02-14,439.0199890136719,412.05908203125,123006300
2022-02-15,446.1000061035156,418.7042541503906,88482700
2022-02-16,446.6000061035156,419.1735534667969,84863600
2022-02-17,437.05999755859375,410.2193908691406,102259100
2022-02-18,434.2300109863281,407.563232421875,132642900
2022-02-22,429.57000732421875,403.1894226074219,124391800
2022-02-23,421.95001220703125,396.03741455078125,132578000
2022-02-24,428.29998779296875,401.9974060058594,213942900
2022-02-25,437.75,410.86712646484375,121804500
2022-02-28,436.6300048828125,409.81585693359375,145615000
2022-03-01,429.9800109863281,403.57421875,137785900
2022-03-02,437.8900146484375,410.99847412109375,117726500
2022-03-03,435.7099914550781,408.95233154296875,105501700
2022-03-04,432.1700134277344,405.6297302246094,113978200
2022-03-07,419.42999267578125,393.6721496582031,137896600
2022-03-08,416.25,390.6874694824219,164772700
2022-03-09,427.4100036621094,401.162109375,116990800
2022-03-10,425.4800109863281,399.3505859375,93972700
2022-03-11,420.07000732421875,394.2728271484375,95636300
2022-03-14,417.0,391.3913269042969,95729200
2022-03-15,426.1700134277344,399.9981994628906,106219100
2022-03-16,435.6199951171875,408.8678283691406,144954800
2022-03-17,441.07000732421875,413.9831237792969,102676900
2022-03-18,444.5199890136719,418.5174255371094,106345500
2022-03-21,444.3900146484375,418.3950500488281,88349800
2022-03-22,449.5899963378906,423.2908935546875,74650400
2022-03-23,443.79998779296875,417.83953857421875,79426100
2022-03-24,450.489990234375,424.1382751464844,64736900
2022-03-25,452.69000244140625,426.2095031738281,77101300
2022-03-28,455.9100036621094,429.2412109375,68529800
2022-03-29,461.54998779296875,434.5512390136719,86581500
2022-03-30,458.70001220703125,431.867919921875,79666900
2022-03-31,451.6400146484375,425.2209777832031,121699900
2022-04-01,452.9200134277344,426.4261474609375,89048800
2022-04-04,456.79998779296875,430.0791931152344,59601000
2022-04-05,451.0299987792969,424.6466064453125,74214500
2022-04-06,446.5199890136719,420.40045166015625,106898000
2022-04-07,448.7699890136719,422.5189208984375,78097200
2022-04-08,447.57000732421875,421.38909912109375,79272700
2022-04-11,439.9200134277344,414.1865539550781,89770500
2022-04-12,438.2900085449219,412.65185546875,84363600
2022-04-13,443.30999755859375,417.378173828125,74070400
2022-04-14,437.7900085449219,412.1811218261719,97869500
2022-04-18,437.9700012207031,412.3506164550781,66002500
2022-04-19,445.0400085449219,419.007080078125,77821000
2022-04-20,444.7099914550781,418.6963195800781,65224400
2022-04-21,438.05999755859375,412.435302734375,85417300
2022-04-22,426.0400085449219,401.1184997558594,132471800
2022-04-25,428.510009765625,403.4439392089844,119647700
2022-04-26,416.1000061035156,391.7599182128906,103996300
2022-04-27,417.2699890136719,392.86151123046875,122030000
2022-04-28,427.80999755859375,402.7849426269531,105449100
2022-04-29,412.0,387.8997802734375,145491100
2022-05-02,414.4800109863281,390.23468017578125,158312500
2022-05-03,416.3800048828125,392.02349853515625,100028200
2022-05-04,429.05999755859375,403.9618225097656,144247900
2022-05-05,413.80999755859375,389.60382080078125,172929100
2022-05-06,411.3399963378906,387.2783203125,151770800
2022-05-09,398.1700134277344,374.8787536621094,155586100
2022-05-10,399.0899963378906,375.7450256347656,132497200
2022-05-11,392.75,369.7758483886719,142361000
2022-05-12,392.3399963378906,369.3897705078125,125090800
2022-05-13,401.7200012207031,378.2210998535156,104174400
2022-05-16,400.0899963378906,376.6864318847656,78622400
2022-05-17,408.32000732421875,384.4350280761719,83029700
2022-05-18,391.8599853515625,368.9378356933594,117674500
2022-05-19,389.4599914550781,366.67822265625,98510700
2022-05-20,389.6300048828125,366.8382873535156,131432200
2022-05-23,396.9200134277344,373.70184326171875,76414900
2022-05-24,393.8900146484375,370.84912109375,91448800
2022-05-25,397.3699951171875,374.1255187988281,91472900
2022-05-26,405.30999755859375,381.60107421875,82168300
2022-05-27,415.260009765625,390.9690856933594,84768700
2022-05-31,412.92999267578125,388.77532958984375,95937000
2022-06-01,409.5899963378906,385.63067626953125,86585800
2022-06-02,417.3900146484375,392.9744567871094,79609600
2022-06-03,410.5400085449219,386.525146484375,71874300
2022-06-06,411.7900085449219,387.70196533203125,57508900
2022-06-07,415.739990234375,391.4210205078125,59272400
2022-06-08,411.2200012207031,387.165283203125,64350000
2022-06-09,401.44000244140625,377.95751953125,86289800
2022-06-10,389.79998779296875,366.9983215332031,132893900
2022-06-13,375.0,353.06402587890625,170004900
2022-06-14,373.8699951171875,352.0001525878906,104011800
2022-06-15,379.20001220703125,357.0184326171875,125666800
2022-06-16,366.6499938964844,345.2025146484375,134473300
2022-06-17,365.8599853515625,345.9466552734375,111113900
2022-06-21,375.07000732421875,354.6554260253906,76811900
2022-06-22,374.3900146484375,354.01239013671875,90059400
2022-06-23,378.05999755859375,357.482666015625,79292100
2022-06-24,390.0799865722656,368.8483581542969,98050300
2022-06-27,388.5899963378906,367.4395446777344,66009600
2022-06-28,380.6499938964844,359.93170166015625,86548900
2022-06-29,380.3399963378906,359.6385498046875,65676000
2022-06-30,377.25,356.71673583984375,112508300
2022-07-01,381.239990234375,360.4895935058594,74839700
2022-07-05,381.9599914550781,361.1703796386719,81438000
2022-07-06,383.25,362.3901672363281,70426200
2022-07-07,388.989990234375,367.8177185058594,64525900
2022-07-08,388.6700134277344,367.51519775390625,72397800
2022-07-11,384.2300109863281,363.31683349609375,58366900
2022-07-12,380.8299865722656,360.1019287109375,62219200
2022-07-13,378.8299865722656,358.210693359375,84224600
2022-07-14,377.9100036621094,357.3408203125,89704800
2022-07-15,385.1300048828125,364.16778564453125,79060400
2022-07-18,381.95001220703125,361.1609191894531,63203600
2022-07-19,392.2699890136719,370.9192199707031,78506000
2022-07-20,394.7699890136719,373.28314208984375,71843800
2022-07-21,398.7900085449219,377.0843200683594,64903900
2022-07-22,395.0899963378906,373.5856628417969,72197300
2022-07-25,395.57000732421875,374.03961181640625,53631500
2022-07-26,390.8900146484375,369.6143798828125,52946400
2022-07-27,401.0400085449219,379.2118835449219,82342100
2022-07-28,406.07000732421875,383.9681396484375,73966600
2022-07-29,411.989990234375,389.56591796875,87003700
2022-08-01,410.7699890136719,388.4122314453125,69997500
2022-08-02,408.05999755859375,385.84979248046875,63435400
2022-08-03,414.45001220703125,391.89202880859375,67820600
2022-08-04,414.1700134277344,391.6272888183594,45656600
2022-08-05,413.4700012207031,390.9653015136719,56814900
2022-08-08,412.989990234375,390.5115051269531,53886100
2022-08-09,411.3500061035156,388.9607238769531,44931800
2022-08-10,419.989990234375,397.1304931640625,68665700
2022-08-11,419.989990234375,397.1304931640625,59489700
2022-08-12,427.1000061035156,403.8534851074219,61694500
2022-08-15,428.8599853515625,405.5176696777344,54048300
2022-08-16,429.70001220703125,406.31195068359375,59289000
2022-08-17,426.6499938964844,403.42803955078125,63563400
2022-08-18,427.8900146484375,404.6004943847656,49023200
2022-08-19,422.1400146484375,399.16351318359375,68016900
2022-08-22,413.3500061035156,390.8519287109375,77695600
2022-08-23,412.3500061035156,389.9063415527344,49105200
2022-08-24,413.6700134277344,391.15447998046875,49177800
2022-08-25,419.510009765625,396.6766662597656,50942300
2022-08-26,405.30999755859375,383.2494812011719,103087000
2022-08-29,402.6300048828125,380.71527099609375,65370800
2022-08-30,398.2099914550781,376.53594970703125,85652400
2022-08-31,395.17999267578125,373.6708679199219,76029700
2022-09-01,396.4200134277344,374.8433837890625,78740100
2022-09-02,392.239990234375,370.89080810546875,99632100
2022-09-06,390.760009765625,369.4914245605469,76637400
2022-09-07,397.7799987792969,376.12933349609375,70964200
2022-09-08,400.3800048828125,378.5878601074219,80821700
2022-09-09,406.6000061035156,384.46929931640625,76706900
2022-09-12,410.9700012207031,388.6014709472656,69256300
2022-09-13,393.1000061035156,371.7040710449219,122947100
2022-09-14,394.6000061035156,373.1224670410156,85023700
2022-09-15,390.1199951171875,368.8862609863281,87633800
2022-09-16,385.55999755859375,366.07208251953125,103084800
2022-09-19,388.54998779296875,368.9109191894531,73278500
2022-09-20,384.0899963378906,364.6764221191406,77274900
2022-09-21,377.3900146484375,358.3150329589844,106746600
2022-09-22,374.2200012207031,355.30523681640625,89472600
2022-09-23,367.95001220703125,349.3520812988281,122346900
2022-09-26,364.30999755859375,345.8960876464844,92581200
2022-09-27,363.3800048828125,345.0130920410156,108294100
2022-09-28,370.5299987792969,351.8017578125,110802200
2022-09-29,362.7900085449219,344.4530334472656,112952300
2022-09-30,357.17999267578125,339.12652587890625,153711200
2022-10-03,366.6099853515625,348.0799255371094,89756500
2022-10-04,377.9700012207031,358.8656921386719,103602800
2022-10-05,377.0899963378906,358.0301818847656,88065700
2022-10-06,373.20001220703125,354.3367919921875,82333500
2022-10-07,362.7900085449219,344.4530334472656,107789500
2022-10-10,360.0199890136719,341.8229675292969,76042800
2022-10-11,357.739990234375,339.6581726074219,92482800
2022-10-12,356.55999755859375,338.5378723144531,76991800
2022-10-13,365.9700012207031,347.47222900390625,147254500
2022-10-14,357.6300048828125,339.55377197265625,123737000
2022-10-17,366.82000732421875,348.27923583984375,93168200
2022-10-18,371.1300048828125,352.3714294433594,97162900
2022-10-19,368.5,349.8742980957031,79746900
2022-10-20,365.4100036621094,346.9405822753906,88283100
2022-10-21,374.2900085449219,355.3717041015625,131038400
2022-10-24,378.8699951171875,359.7202453613281,85436900
2022-10-25,384.9200134277344,365.4644470214844,78846300
2022-10-26,382.0199890136719,362.7110290527344,104087300
2022-10-27,379.9800109863281,360.7740783691406,81971800
2022-10-28,389.0199890136719,369.35711669921875,100302000
2022-10-31,386.2099914550781,366.6891784667969,96631300
2022-11-01,384.5199890136719,365.08465576171875,85407600
2022-11-02,374.8699951171875,355.9223937988281,126990400
2022-11-03,371.010009765625,352.2574768066406,87100100
2022-11-04,376.3500061035156,357.3276062011719,103505200
2022-11-07,379.95001220703125,360.7456359863281,68286900
2022-11-08,382.0,362.6919860839844,84641100
2022-11-09,374.1300048828125,355.2197570800781,78495500
2022-11-10,394.69000244140625,374.7405700683594,141455800
2022-11-11,398.510009765625,378.3675231933594,93839900
2022-11-14,395.1199951171875,375.1488342285156,71903500
2022-11-15,398.489990234375,378.3484802246094,93194500
2022-11-16,395.45001220703125,375.462158203125,68508500
2022-11-17,394.239990234375,374.3133544921875,74496300
2022-11-18,396.0299987792969,376.0128479003906,92922500
2022-11-21,394.5899963378906,374.6456298828125,51243200
2022-11-22,399.8999938964844,379.68719482421875,60429000
2022-11-23,402.4200134277344,382.07989501953125,68261600
2022-11-25,402.3299865722656,381.9944152832031,30545400
2022-11-28,395.9100036621094,375.89892578125,67881600
2022-11-29,395.2300109863281,375.2532958984375,52310000
2022-11-30,407.67999267578125,387.07403564453125,144566700
2022-12-01,407.3800048828125,386.7891845703125,76398200
2022-12-02,406.9100036621094,386.3428649902344,85342700
2022-12-05,399.5899963378906,379.3929138183594,77289800
2022-12-06,393.8299865722656,373.924072265625,77972200
2022-12-07,393.1600036621094,373.2879333496094,65927900
2022-12-08,396.239990234375,376.21221923828125,60737900
2022-12-09,393.2799987792969,373.40185546875,81447700
2022-12-12,398.95001220703125,378.7852783203125,75405800
2022-12-13,401.9700012207031,381.652587890625,123782500
2022-12-14,399.3999938964844,379.2125549316406,108111300
2022-12-15,389.6300048828125,369.93634033203125,117705900
2022-12-16,383.2699890136719,365.56884765625,119858000
2022-12-19,380.0199890136719,362.46893310546875,79878100
2022-12-20,380.5400085449219,362.9649353027344,74427200
2022-12-21,386.2300109863281,368.3921813964844,78167400
2022-12-22,380.7200012207031,363.13665771484375,100120900
2022-12-23,382.9100036621094,365.2254638671875,59857300
2022-12-27,381.3999938964844,363.7851867675781,51638200
2022-12-28,376.6600036621094,359.26409912109375,70911500
2022-12-29,383.44000244140625,365.73095703125,66970900
2022-12-30,382.42999267578125,364.7676086425781,84022200
2023-01-03,380.82000732421875,363.2320251464844,74850700
2023-01-04,383.760009765625,366.03619384765625,85934100
2023-01-05,379.3800048828125,361.8584899902344,76970500
2023-01-06,388.0799865722656,370.15667724609375,104189600
2023-01-09,387.8599853515625,369.94683837890625,73978100
2023-01-10,390.5799865722656,372.54119873046875,65358100
2023-01-11,395.5199890136719,377.2530517578125,68881100
2023-01-12,396.9599914550781,378.62652587890625,90157700
2023-01-13,398.5,380.095458984375,63903900
2023-01-17,397.7699890136719,379.3991394042969,62677300
2023-01-18,391.489990234375,373.4091796875,99632300
2023-01-19,388.6400146484375,370.6908264160156,86958900
2023-01-20,395.8800048828125,377.5964660644531,91806400
2023-01-23,400.6300048828125,382.1270446777344,84178800
2023-01-24,400.20001220703125,381.7169189453125,59524900
2023-01-25,400.3500061035156,381.8599853515625,84800300
2023-01-26,404.75,386.0567932128906,72287400
2023-01-27,405.67999267578125,386.9438171386719,68346200
2023-01-30,400.5899963378906,382.0889892578125,74202000
2023-01-31,406.4800109863281,387.7069396972656,86811800
2023-02-01,410.79998779296875,391.8273620605469,101459200
2023-02-02,416.7799987792969,397.53118896484375,101654500
2023-02-03,412.3500061035156,393.3057556152344,94736800
2023-02-06,409.8299865722656,390.90216064453125,60295300
2023-02-07,415.19000244140625,396.0146179199219,90990700
2023-02-08,410.6499938964844,391.68426513671875,76227500
2023-02-09,407.0899963378906,388.2886962890625,78694900
2023-02-10,408.0400085449219,389.19488525390625,70769700
2023-02-13,412.8299865722656,393.7635803222656,64913500
2023-02-14,412.6400146484375,393.5824279785156,88389300
2023-02-15,413.9800109863281,394.8604736328125,61555700
2023-02-16,408.2799987792969,389.4237365722656,76431500
2023-02-17,407.260009765625,388.450927734375,89257800
2023-02-21,399.0899963378906,380.658203125,82655900
2023-02-22,398.5400085449219,380.1335754394531,83742300
2023-02-23,400.6600036621094,382.1557312011719,96242400
2023-02-24,396.3800048828125,378.0733337402344,108194400
2023-02-27,397.7300109863281,379.3609924316406,80444700
2023-02-28,396.260009765625,377.9588928222656,96438600
2023-03-01,394.739990234375,376.50909423828125,99706800
2023-03-02,397.80999755859375,379.43731689453125,85127800
2023-03-03,404.19000244140625,385.5226745605469,90120000
2023-03-06,404.4700012207031,385.7896423339844,72795900
2023-03-07,398.2699890136719,379.87603759765625,108310600
2023-03-08,398.9200134277344,380.49603271484375,74746600
2023-03-09,391.55999755859375,373.47589111328125,111945300
2023-03-10,385.9100036621094,368.0869445800781,189253000
2023-03-13,385.3599853515625,367.562255859375,157790000
2023-03-14,391.7300109863281,373.6381530761719,149752400
2023-03-15,389.2799987792969,371.30126953125,172996900
2023-03-16,396.1099853515625,377.8157958984375,143254200
2023-03-17,389.989990234375,373.3981018066406,140553400
2023-03-20,393.739990234375,376.9885559082031,93055800
2023-03-21,398.9100036621094,381.9386291503906,91524200
2023-03-22,392.1099853515625,375.427978515625,111746600
2023-03-23,393.1700134277344,376.4428405761719,119351300
2023-03-24,395.75,378.9130554199219,107682400
2023-03-27,396.489990234375,379.6216125488281,74010400
2023-03-28,395.6000061035156,378.7694091796875,62871700
2023-03-29,401.3500061035156,384.2748718261719,77497900
2023-03-30,403.70001220703125,386.52484130859375,69840000
2023-03-31,409.3900146484375,391.9727478027344,112062600
2023-04-03,410.95001220703125,393.4664001464844,67391100
2023-04-04,408.6700134277344,391.2834167480469,66601500
2023-04-05,407.6000061035156,390.25897216796875,65200200
2023-04-06,409.19000244140625,391.7812194824219,63743300
2023-04-10,409.6099853515625,392.18341064453125,63681000
2023-04-11,409.7200012207031,392.28875732421875,59297900
2023-04-12,408.04998779296875,390.6897888183594,86420400
2023-04-13,413.4700012207031,395.87921142578125,85814800
2023-04-14,412.4599914550781,394.912109375,78161500
2023-04-17,413.94000244140625,396.3292236328125,66436400
2023-04-18,414.2099914550781,396.5876770019531,63560000
2023-04-19,414.1400146484375,396.5207214355469,55227300
2023-04-20,411.8800048828125,394.3568115234375,75840400
2023-04-21,412.20001220703125,394.6632385253906,73457400
2023-04-24,412.6300048828125,395.074951171875,64332100
2023-04-25,406.0799865722656,388.8035888671875,97766700
2023-04-26,404.3599853515625,387.1567687988281,80447000
2023-04-27,412.4100036621094,394.8642578125,92968400
2023-04-28,415.92999267578125,398.23455810546875,89433100
2023-05-01,415.510009765625,397.8323974609375,62122300
2023-05-02,410.8399963378906,393.36114501953125,103998500
2023-05-03,408.0199890136719,390.6611328125,91531800
2023-05-04,405.1300048828125,387.89398193359375,94901900
2023-05-05,412.6300048828125,395.074951171875,87891800
2023-05-08,412.739990234375,395.18017578125,50046800
2023-05-09,410.92999267578125,393.44720458984375,49220100
2023-05-10,412.8500061035156,395.2855529785156,96142900
2023-05-11,412.1300048828125,394.59619140625,70157100
2023-05-12,411.5899963378906,394.07916259765625,70481500
2023-05-15,413.010009765625,395.438720703125,54289400
2023-05-16,410.25,392.796142578125,57705500
2023-05-17,415.2300109863281,397.5643310546875,87287000
2023-05-18,419.2300109863281,401.3941650390625,97177200
2023-05-19,418.6199951171875,400.8100280761719,103793300
2023-05-22,418.7900085449219,400.972900390625,60745400
2023-05-23,414.0899963378906,396.4728088378906,86383500
2023-05-24,411.0899963378906,393.6004333496094,89213700
2023-05-25,414.6499938964844,397.0090026855469,90961600
2023-05-26,420.0199890136719,402.1505126953125,93830000
2023-05-30,420.17999267578125,402.3036804199219,72216000
2023-05-31,417.8500061035156,400.0728454589844,110811800
2023-06-01,421.82000732421875,403.8739929199219,88865000
2023-06-02,427.9200134277344,409.7144775390625,91426200
2023-06-05,427.1000061035156,408.9292907714844,65460200
2023-06-06,428.0299987792969,409.81976318359375,64022200
2023-06-07,426.54998779296875,408.4026794433594,85373300
2023-06-08,429.1300048828125,410.8729553222656,61952800
2023-06-09,429.8999938964844,411.6101989746094,85742800
2023-06-12,433.79998779296875,415.3442077636719,76104300
2023-06-13,436.6600036621094,418.0826110839844,95899700
2023-06-14,437.17999267578125,418.5804748535156,100612100
2023-06-15,442.6000061035156,423.7698974609375,110303100
2023-06-16,439.4599914550781,422.3263854980469,114165800
2023-06-20,437.17999267578125,420.13531494140625,76160400
2023-06-21,434.94000244140625,417.98272705078125,76982300
2023-06-22,436.510009765625,419.491455078125,70637200
2023-06-23,433.2099914550781,416.320068359375,92074500
2023-06-26,431.44000244140625,414.619140625,72823600
2023-06-27,436.1700134277344,419.1647033691406,72813700
2023-06-28,436.3900146484375,419.3761901855469,75636000
2023-06-29,438.1099853515625,421.029052734375,67882300
2023-06-30,443.2799987792969,425.99749755859375,104964000
2023-07-03,443.7900085449219,426.4876403808594,32793400
2023-07-05,443.1300048828125,425.8533935546875,58418400
2023-07-06,439.6600036621094,422.5186462402344,80658300
2023-07-07,438.54998779296875,421.45184326171875,86134200
2023-07-10,439.6600036621094,422.5186462402344,62443500
2023-07-11,442.4599914550781,425.2095031738281,64463800
2023-07-12,446.0199890136719,428.6306457519531,91924500
2023-07-13,449.55999755859375,432.0326843261719,72425200
2023-07-14,449.2799987792969,431.76361083984375,69815800
2023-07-17,450.8399963378906,433.2627258300781,52680200
2023-07-18,454.19000244140625,436.4821472167969,80668200
2023-07-19,455.20001220703125,437.4527587890625,65891700
2023-07-20,452.17999267578125,434.5504455566406,70591600
2023-07-21,452.17999267578125,434.5504455566406,71275600
2023-07-24,454.20001220703125,436.4917907714844,54023400
2023-07-25,455.44000244140625,437.6834411621094,55191200
2023-07-26,455.510009765625,437.75067138671875,71052900
2023-07-27,452.489990234375,434.84844970703125,92194400
2023-07-28,456.9200134277344,439.105712890625,80011800
2023-07-31,457.7900085449219,439.94183349609375,62040400
2023-08-01,456.4800109863281,438.6828308105469,55291500
2023-08-02,450.1300048828125,432.5804748535156,93933400
2023-08-03,448.8399963378906,431.3406982421875,64276100
2023-08-04,446.80999755859375,429.3898620605469,100128900
2023-08-07,450.7099914550781,433.13787841796875,58357500
2023-08-08,448.75,431.25421142578125,71361300
2023-08-09,445.75,428.3712158203125,78789600
2023-08-10,445.9100036621094,428.5249328613281,93005500
2023-08-11,445.6499938964844,428.2751159667969,68690900
2023-08-14,448.1099853515625,430.63922119140625,47867400
2023-08-15,442.8900146484375,425.6226806640625,75707500
2023-08-16,439.6400146484375,422.49945068359375,80107200
2023-08-17,436.2900085449219,419.2800598144531,95711300
2023-08-18,436.5,419.4818115234375,98852000
2023-08-21,439.3399963378906,422.2110900878906,68719000
2023-08-22,438.1499938964844,421.0675048828125,64994200
2023-08-23,443.0299987792969,425.75726318359375,68441000
2023-08-24,436.8900146484375,419.8566589355469,88517300
2023-08-25,439.9700012207031,422.8165283203125,102325100
2023-08-28,442.760009765625,425.497802734375,61595400
2023-08-29,449.1600036621094,431.648193359375,83081900
2023-08-30,451.010009765625,433.4261169433594,69053900
2023-08-31,450.3500061035156,432.7918701171875,66084600
2023-09-01,451.19000244140625,433.5990905761719,58944100
2023-09-05,449.239990234375,431.72515869140625,55166200
2023-09-06,446.2200012207031,428.8228759765625,70758500
2023-09-07,444.8500061035156,427.5062561035156,70355400
2023-09-08,445.5199890136719,428.150146484375,61659700
2023-09-11,448.45001220703125,430.9659729003906,60180100
2023-09-12,445.989990234375,428.601806640625,67565400
2023-09-13,446.510009765625,429.1015625,60199300
2023-09-14,450.3599853515625,432.80145263671875,83430800
2023-09-15,443.3699951171875,427.58697509765625,111848900
2023-09-18,443.6300048828125,427.8376770019531,55752200
2023-09-19,442.7099914550781,426.9504089355469,66514600
2023-09-20,438.6400146484375,423.02532958984375,82562600
2023-09-21,431.3900146484375,416.0334167480469,104095800
2023-09-22,430.4200134277344,415.09796142578125,100829700
2023-09-25,432.2300109863281,416.843505859375,70874500
2023-09-26,425.8800048828125,410.719482421875,96168400
2023-09-27,426.04998779296875,410.8835144042969,104705800
2023-09-28,428.5199890136719,413.26556396484375,92258300
2023-09-29,427.4800109863281,412.26251220703125,115111300
2023-10-02,427.30999755859375,412.0986022949219,83798600
2023-10-03,421.5899963378906,406.5822448730469,103760600
2023-10-04,424.6600036621094,409.5429992675781,87453000
2023-10-05,424.5,409.3886413574219,70142700
2023-10-06,429.5400085449219,414.2492980957031,113273300
2023-10-09,432.2900085449219,416.9013671875,80374400
2023-10-10,434.5400085449219,419.0713195800781,78607300
2023-10-11,436.32000732421875,420.7879638671875,62451700
2023-10-12,433.6600036621094,418.2226257324219,81154200
2023-10-13,431.5,416.1394958496094,95143100
2023-10-16,436.0400085449219,420.5179138183594,75433200
2023-10-17,436.0199890136719,420.4985656738281,75324700
2023-10-18,430.2099914550781,414.8953857421875,93559800
2023-10-19,426.42999267578125,411.24993896484375,121323000
2023-10-20,421.19000244140625,406.1964416503906,123919900
2023-10-23,420.4599914550781,405.4924621582031,92035100
2023-10-24,423.6300048828125,408.54962158203125,78564200
2023-10-25,417.54998779296875,402.6860046386719,94223200
2023-10-26,412.54998779296875,397.864013671875,115156800
2023-10-27,410.67999267578125,396.06060791015625,107367700
2023-10-30,415.5899963378906,400.7959289550781,86562700
2023-10-31,418.20001220703125,403.31292724609375,79665200
2023-11-01,422.6600036621094,407.61419677734375,98068100
2023-11-02,430.760009765625,415.42584228515625,94938900
2023-11-03,434.69000244140625,419.2159423828125,100167800
2023-11-06,435.69000244140625,420.1803283691406,67831700
2023-11-07,436.92999267578125,421.3761901855469,64256100
2023-11-08,437.25,421.684814453125,61746000
2023-11-09,433.8399963378906,418.39617919921875,83174400
2023-11-10,440.6099853515625,424.9251403808594,89462200
2023-11-13,440.19000244140625,424.5201110839844,52236100
2023-11-14,448.7300109863281,432.756103515625,97176900
2023-11-15,449.67999267578125,433.67230224609375,77327600
2023-11-16,450.2300109863281,434.2027282714844,66665800
2023-11-17,450.7900085449219,434.7427978515625,83133200
2023-11-20,454.260009765625,438.0893249511719,69936200
2023-11-21,453.2699890136719,437.1344909667969,49244600
2023-11-22,455.0199890136719,438.82220458984375,59394900
2023-11-24,455.29998779296875,439.09222412109375,29737400
2023-11-27,454.4800109863281,438.3014831542969,50506000
2023-11-28,454.92999267578125,438.7353820800781,62115000
2023-11-29,454.6099853515625,438.42681884765625,63146000
2023-11-30,456.3999938964844,440.153076171875,79752700
2023-12-01,459.1000061035156,442.7569885253906,89183400
2023-12-04,456.69000244140625,440.4327697753906,72430900
2023-12-05,456.6000061035156,440.34600830078125,69793500
2023-12-06,454.760009765625,438.57147216796875,69124700
2023-12-07,458.2300109863281,441.9178771972656,66995400
2023-12-08,460.20001220703125,443.81787109375,83194400
2023-12-11,461.989990234375,445.5440368652344,65002200
2023-12-12,464.1000061035156,447.5789794921875,68327600
2023-12-13,470.5,453.7511291503906,93278000
2023-12-14,472.010009765625,455.2073669433594,119026000
2023-12-15,469.3299865722656,454.4578552246094,141553700
2023-12-18,471.9700012207031,457.0143127441406,70375300
2023-12-19,474.8399963378906,459.7933044433594,55761800
2023-12-20,468.260009765625,453.4218444824219,102921000
2023-12-21,472.70001220703125,457.7211608886719,86667500
2023-12-22,473.6499938964844,458.6410217285156,67160400
2023-12-26,475.6499938964844,460.57763671875,55387000
2023-12-27,476.510009765625,461.410400390625,68000300
2023-12-28,476.69000244140625,461.584716796875,77158100
2023-12-29,475.30999755859375,460.24847412109375,122283100
2024-01-02,472.6499938964844,457.6726989746094,123623700
2024-01-03,468.7900085449219,453.9350280761719,103585900
2024-01-04,467.2799987792969,452.472900390625,84232200
2024-01-05,467.9200134277344,453.0926208496094,86118900
2024-01-08,474.6000061035156,459.5609436035156,74879100
2024-01-09,473.8800048828125,458.86376953125,65931400
2024-01-10,476.55999755859375,461.4588317871094,67310600
2024-01-11,476.3500061035156,461.2554626464844,77940700
2024-01-12,476.67999267578125,461.5749816894531,58026400
2024-01-16,474.92999267578125,459.88043212890625,85014900
2024-01-17,472.2900085449219,457.32415771484375,68843900
2024-01-18,476.489990234375,461.3909606933594,91856200
2024-01-19,482.42999267578125,467.142822265625,110834500
2024-01-22,483.45001220703125,468.13055419921875,75844900
2024-01-23,484.8599853515625,469.4957580566406,49945300
2024-01-24,485.3900146484375,470.00897216796875,81765000
2024-01-25,488.0299987792969,472.56536865234375,72525000
2024-01-26,487.4100036621094,471.9649963378906,76641600
2024-01-29,491.2699890136719,475.70269775390625,61322800
2024-01-30,490.8900146484375,475.3347473144531,58618400
2024-01-31,482.8800048828125,467.57855224609375,126011100
2024-02-01,489.20001220703125,473.6982727050781,91891600
2024-02-02,494.3500061035156,478.6850891113281,99228200
2024-02-05,492.54998779296875,476.942138671875,75757100
2024-02-06,493.9800109863281,478.32684326171875,55918600
2024-02-07,498.1000061035156,482.3162841796875,70556500
2024-02-08,498.32000732421875,482.529296875,52343600
2024-02-09,501.20001220703125,485.3179931640625,63979400
2024-02-12,500.9800109863281,485.10504150390625,56502300
2024-02-13,494.0799865722656,478.4237060546875,113099200
2024-02-14,498.57000732421875,482.7713928222656,68387800
2024-02-15,502.010009765625,486.1024475097656,61683000
2024-02-16,499.510009765625,483.6816101074219,75532900
2024-02-20,496.760009765625,481.0187683105469,71736700
2024-02-21,497.2099914550781,481.45440673828125,59293400
2024-02-22,507.5,491.41839599609375,76402500
2024-02-23,507.8500061035156,491.7572937011719,61321800
2024-02-26,505.989990234375,489.95623779296875,50386700
2024-02-27,506.92999267578125,490.8664855957031,48854500
2024-02-28,506.260009765625,490.2176513671875,56506600
2024-02-29,508.0799865722656,491.97998046875,83924800
2024-03-01,512.8499755859375,496.5988464355469,76844800
2024-03-04,512.2999877929688,496.0663146972656,49799300
2024-03-05,507.17999267578125,491.10858154296875,72855600
2024-03-06,509.75,493.5970764160156,68382400
2024-03-07,514.8099975585938,498.49676513671875,58652100
2024-03-08,511.7200012207031,495.50469970703125,86532500
2024-03-11,511.2799987792969,495.07861328125,62557200
2024-03-12,516.780029296875,500.4043884277344,73114400
2024-03-13,515.969970703125,499.6199951171875,55104100
2024-03-14,514.9500122070312,498.6323547363281,110171800
2024-03-15,509.8299865722656,495.2084655761719,107646300
2024-03-18,512.8599853515625,498.1515197753906,88893300
2024-03-19,515.7100219726562,500.9197998046875,60755300
2024-03-20,520.47998046875,505.5530090332031,69594600
2024-03-21,522.2000122070312,507.2236633300781,60256100
2024-03-22,521.2100219726562,506.2620544433594,79070800
2024-03-25,519.77001953125,504.8634338378906,48512100
2024-03-26,518.8099975585938,503.93084716796875,65463700
2024-03-27,523.1699829101562,508.16583251953125,82999800
2024-03-28,523.0700073242188,508.06866455078125,96294900
2024-04-01,522.1599731445312,507.184814453125,62477500
2024-04-02,518.8400268554688,503.9600830078125,74230300
2024-04-03,519.4099731445312,504.5135803222656,59155800
2024-04-04,513.0700073242188,498.3555603027344,96858100
2024-04-05,518.4299926757812,503.5617980957031,74546500
2024-04-08,518.719970703125,503.84332275390625,48401800
2024-04-09,519.3200073242188,504.4261779785156,68049200
2024-04-10,514.1199951171875,499.3753967285156,82652800
2024-04-11,518.0,503.14410400390625,70099000
2024-04-12,510.8500061035156,496.1991882324219,92561100
2024-04-15,504.45001220703125,489.98272705078125,92101400
2024-04-16,503.5299987792969,489.0891418457031,73484000
2024-04-17,500.54998779296875,486.194580078125,75910300
2024-04-18,499.5199890136719,485.194091796875,74548100
2024-04-19,495.1600036621094,480.95916748046875,102212600
2024-04-22,499.7200012207031,485.38836669921875,67961000
2024-04-23,505.6499938964844,491.1482849121094,64633600
2024-04-24,505.4100036621094,490.9151916503906,55928100
2024-04-25,503.489990234375,489.0502624511719,69122400
2024-04-26,508.260009765625,493.6834716796875,64306100
2024-04-29,510.05999755859375,495.43182373046875,46415400
2024-04-30,501.9800109863281,487.5835876464844,77483600
2024-05-01,500.3500061035156,486.0003356933594,80242800
2024-05-02,505.0299987792969,490.5461120605469,62550200
2024-05-03,511.2900085449219,496.6265869140625,72756700
2024-05-06,516.5700073242188,501.755126953125,47264700
2024-05-07,517.1400146484375,502.308837890625,52561300
2024-05-08,517.1900024414062,502.35736083984375,42047200
2024-05-09,520.1699829101562,505.2518615722656,43643700
2024-05-10,520.8400268554688,505.9027404785156,52233200
2024-05-13,520.9099731445312,505.9706115722656,36716400
2024-05-14,523.2999877929688,508.29205322265625,57535900
2024-05-15,529.780029296875,514.5862426757812,59504900
2024-05-16,528.6900024414062,513.527587890625,50244800
2024-05-17,529.4500122070312,514.2656860351562,59187600
2024-05-20,530.0599975585938,514.8582763671875,37764200
2024-05-21,531.3599853515625,516.1209716796875,33437000
2024-05-22,529.8300170898438,514.6348876953125,48390000
2024-05-23,525.9600219726562,510.8758850097656,57211200
2024-05-24,529.4400024414062,514.256103515625,41291100
2024-05-28,529.8099975585938,514.615478515625,36269600
2024-05-29,526.0999755859375,511.0118408203125,45190300
2024-05-30,522.6099853515625,507.6219482421875,46377600
2024-05-31,527.3699951171875,512.245361328125,90785800
2024-06-03,527.7999877929688,512.6630859375,46835700
2024-06-04,528.3900146484375,513.2361450195312,34632700
2024-06-05,534.6699829101562,519.3360595703125,47610400
2024-06-06,534.6599731445312,519.3262329101562,30808500
2024-06-07,534.010009765625,518.6949462890625,43224500
2024-06-10,535.6599731445312,520.2975463867188,35686100
2024-06-11,536.9500122070312,521.5505981445312,36383400
2024-06-12,541.3599853515625,525.8341674804688,63251300
2024-06-13,542.4500122070312,526.8929443359375,44760900
2024-06-14,542.780029296875,527.2135009765625,40089900
2024-06-17,547.0999755859375,531.4094848632812,55839500
2024-06-18,548.489990234375,532.7597045898438,41376400
2024-06-20,547.0,531.3123779296875,70328200
2024-06-21,544.510009765625,530.60009765625,64338600
2024-06-24,542.739990234375,528.8753051757812,45528700
2024-06-25,544.8300170898438,530.911865234375,37936200
2024-06-26,545.510009765625,531.5745239257812,38550600
2024-06-27,546.3699951171875,532.41259765625,35041500
2024-06-28,544.219970703125,530.3175048828125,76144500
2024-07-01,545.3400268554688,531.408935546875,40297800
2024-07-02,549.010009765625,534.985107421875,40434800
2024-07-03,551.4600219726562,537.37255859375,32789900
2024-07-05,554.6400146484375,540.4713745117188,41488400
2024-07-08,555.280029296875,541.0950317382812,36110500
2024-07-09,555.8200073242188,541.6212158203125,27289700
2024-07-10,561.3200073242188,546.980712890625,38701200
2024-07-11,556.47998046875,542.2642211914062,53054200
2024-07-12,559.989990234375,545.6845703125,53084400
2024-07-15,561.530029296875,547.1853637695312,40584300
2024-07-16,564.8599853515625,550.4302368164062,36475300
2024-07-17,556.9400024414062,542.712646484375,57119000
2024-07-18,552.6599731445312,538.5418701171875,56270400
2024-07-19,548.989990234375,534.9656372070312,65509100
2024-07-22,554.6500244140625,540.4810180664062,43346700
2024-07-23,553.780029296875,539.63330078125,34439600
2024-07-24,541.22998046875,527.4039306640625,74515300
2024-07-25,538.4099731445312,524.6558837890625,61158300
2024-07-26,544.4400024414062,530.5318603515625,53763800
2024-07-29,544.760009765625,530.8436889648438,39515800
2024-07-30,542.0,528.1542358398438,46853600
2024-07-31,550.8099975585938,536.7391357421875,65663400
2024-08-01,543.010009765625,529.1383666992188,76428700
2024-08-02,532.9000244140625,519.2866821289062,82789100
2024-08-05,517.3800048828125,504.1631164550781,146267400
2024-08-06,522.1500244140625,508.81134033203125,84826300
2024-08-07,518.6599731445312,505.410400390625,70698300
2024-08-08,530.6500244140625,517.0941162109375,63276600
2024-08-09,532.989990234375,519.3743286132812,45619600
2024-08-12,533.27001953125,519.6473388671875,42542100
2024-08-13,542.0399780273438,528.1931762695312,52333100
2024-08-14,543.75,529.8595581054688,42446900
2024-08-15,553.0700073242188,538.9414672851562,60846800
2024-08-16,554.3099975585938,540.1497192382812,44430700
2024-08-19,559.6099853515625,545.3143920898438,39121800
2024-08-20,558.7000122070312,544.4275512695312,33732300
2024-08-21,560.6199951171875,546.2985229492188,41514600
2024-08-22,556.219970703125,542.0108032226562,56121500
2024-08-23,562.1300048828125,547.7698974609375,50639400
2024-08-26,560.7899780273438,546.4642333984375,35788600
2024-08-27,561.5599975585938,547.214599609375,32693900
2024-08-28,558.2999877929688,544.0377807617188,41066000
2024-08-29,558.3499755859375,544.0865478515625,38715200
2024-08-30,563.6799926757812,549.2803955078125,62700100
2024-09-03,552.0800170898438,537.9766845703125,60600100
2024-09-04,550.9500122070312,536.8756103515625,47224900
2024-09-05,549.6099853515625,535.56982421875,44264300
2024-09-06,540.3599853515625,526.5560302734375,68493800
2024-09-09,546.4099731445312,532.4515380859375,40445800
2024-09-10,548.7899780273438,534.7706298828125,36394600
2024-09-11,554.4199829101562,540.2568969726562,75248600
2024-09-12,559.0900268554688,544.8076782226562,51819600
2024-09-13,562.010009765625,547.653076171875,39310500
2024-09-16,562.8400268554688,548.4619140625,36656100
2024-09-17,563.0700073242188,548.68603515625,49321000
2024-09-18,561.4000244140625,547.0587158203125,59044900
2024-09-19,570.97998046875,556.39404296875,75315500
2024-09-20,568.25,555.43212890625,77503100
2024-09-23,569.6699829101562,556.8200073242188,44116900
2024-09-24,571.2999877929688,558.4132690429688,46805700
2024-09-25,570.0399780273438,557.1817016601562,38428600
2024-09-26,572.2999877929688,559.3906860351562,48336000
2024-09-27,571.469970703125,558.5794067382812,42100900
2024-09-30,573.760009765625,560.8178100585938,63557400
2024-10-01,568.6199951171875,555.7937622070312,72668800
2024-10-02,568.8599853515625,556.0283203125,38097800
2024-10-03,567.8200073242188,555.0117797851562,40846500
2024-10-04,572.97998046875,560.055419921875,42939100
2024-10-07,567.7999877929688,554.9921875,49964700
2024-10-08,573.1699829101562,560.2410888671875,37398700
2024-10-09,577.1400146484375,564.12158203125,37912200
2024-10-10,576.1300048828125,563.1343383789062,44138100
2024-10-11,579.5800170898438,566.5065307617188,42268000
2024-10-14,584.3200073242188,571.1397094726562,36217200
2024-10-15,579.780029296875,566.7020263671875,54203600
2024-10-16,582.2999877929688,569.1652221679688,30725400
2024-10-17,582.3499755859375,569.2140502929688,34393700
2024-10-18,584.5900268554688,571.403564453125,37416800
2024-10-21,583.6300048828125,570.4651489257812,36439000
2024-10-22,583.3200073242188,570.1621704101562,34183800
2024-10-23,577.989990234375,564.9523315429688,49314600
2024-10-24,579.239990234375,566.1741943359375,34979900
2024-10-25,579.0399780273438,565.9785766601562,47268200
2024-10-28,580.8300170898438,567.7283325195312,30174700
2024-10-29,581.77001953125,568.6471557617188,42899700
2024-10-30,580.010009765625,566.9268798828125,41435800
2024-10-31,568.6400146484375,555.8133544921875,60182500
2024-11-01,571.0399780273438,558.1591186523438,45667500
2024-11-04,569.8099975585938,556.9569091796875,38217000
2024-11-05,576.7000122070312,563.69140625,39478300
2024-11-06,591.0399780273438,577.7079467773438,68182000
2024-11-07,595.6099853515625,582.1749267578125,47233200
2024-11-08,598.1900024414062,584.6968383789062,46444900
2024-11-11,598.760009765625,585.2537841796875,37586800
2024-11-12,596.9000244140625,583.4359130859375,43006100
2024-11-13,597.1900024414062,583.7192993164062,47388600
2024-11-14,593.3499755859375,579.9658813476562,38904100
2024-11-15,585.75,572.5372924804688,75988800
2024-11-18,588.1500244140625,574.88330078125,37001700
2024-11-19,590.2999877929688,576.9846801757812,49412000
2024-11-20,590.5,577.18017578125,50032600
2024-11-21,593.6699829101562,580.2786865234375,46750300
2024-11-22,595.510009765625,582.0772094726562,38226400
2024-11-25,597.530029296875,584.0516967773438,42441400
2024-11-26,600.6500244140625,587.101318359375,45621300
2024-11-27,598.8300170898438,585.3223876953125,34000200
2024-11-29,602.5499877929688,588.9583740234375,30177400
2024-12-02,603.6300048828125,590.0140380859375,31746000
2024-12-03,603.9099731445312,590.2876586914062,26906600
2024-12-04,607.6599731445312,593.953125,42787600
2024-12-05,606.6599731445312,592.9757080078125,28762200
2024-12-06,607.8099975585938,594.0997314453125,31241500
2024-12-09,604.6799926757812,591.0404052734375,34742700
2024-12-10,602.7999877929688,589.2026977539062,37234500
2024-12-11,607.4600219726562,593.7576904296875,28677700
2024-12-12,604.3300170898438,590.6982421875,31543800
2024-12-13,604.2100219726562,590.5809936523438,35904700
2024-12-16,606.7899780273438,593.1026611328125,43695200
2024-12-17,604.2899780273438,590.6590576171875,55773500
2024-12-18,586.280029296875,573.0554809570312,108248700
2024-12-19,586.0999755859375,572.87939453125,85919500
2024-12-20,591.1500244140625,579.7603149414062,125716700
2024-12-23,594.6900024414062,583.232177734375,57635800
2024-12-24,601.2999877929688,589.7146606445312,33160100
2024-12-26,601.3400268554688,589.7539672851562,41219100
2024-12-27,595.010009765625,583.5458984375,64969300
2024-12-30,588.219970703125,576.88671875,56578800
2024-12-31,586.0800170898438,574.7879638671875,57052700
2025-01-02,584.6400146484375,573.375732421875,50204000
2025-01-03,591.9500122070312,580.544921875,37888500
2025-01-06,595.3599853515625,583.88916015625,47679400
2025-01-07,588.6300048828125,577.288818359375,60393100
2025-01-08,589.489990234375,578.1322021484375,47304700
2025-01-10,580.489990234375,569.3056030273438,73105000
2025-01-13,581.3900146484375,570.1882934570312,47910100
2025-01-14,582.1900024414062,570.972900390625,48420600
2025-01-15,592.780029296875,581.3589477539062,56900200
2025-01-16,591.6400146484375,580.2408447265625,43319700
2025-01-17,597.5800170898438,586.06640625,58070600
2025-01-21,603.0499877929688,591.4310302734375,42532900
2025-01-22,606.4400024414062,594.7556762695312,48196000
2025-01-23,609.75,598.001953125,41152100
2025-01-24,607.969970703125,596.2561645507812,34604700
2025-01-27,599.3699951171875,587.8219604492188,70361100
2025-01-28,604.52001953125,592.8727416992188,44433300
2025-01-29,601.8099975585938,590.2149658203125,37177400
2025-01-30,605.0399780273438,593.3827514648438,39281300
2025-01-31,601.8200073242188,590.2246704101562,66566900
2025-02-03,597.77001953125,586.2527465820312,65857200
2025-02-04,601.780029296875,590.1854858398438,33457800
2025-02-05,604.219970703125,592.578369140625,30653100
2025-02-06,606.3200073242188,594.6380004882812,35771500
2025-02-07,600.77001953125,589.1950073242188,50788500
2025-02-10,604.8499755859375,593.1963500976562,26048700
2025-02-11,605.3099975585938,593.6473999023438,30056700
2025-02-12,603.3599853515625,591.7349853515625,45076100
2025-02-13,609.72998046875,597.9823608398438,40921300
2025-02-14,609.7000122070312,597.952880859375,26910400
2025-02-18,611.489990234375,599.7083740234375,26749000
2025-02-19,612.9299926757812,601.12060546875,31011100
2025-02-20,610.3800048828125,598.6198120117188,36554000
2025-02-21,599.9400024414062,588.3809204101562,76519800
2025-02-24,597.2100219726562,585.7034912109375,50737200
2025-02-25,594.239990234375,582.790771484375,58266500
2025-02-26,594.5399780273438,583.0848999023438,43321600
2025-02-27,585.0499877929688,573.7777709960938,74196700
2025-02-28,594.1799926757812,582.7318115234375,88744100
2025-03-03,583.77001953125,572.5225219726562,74249200
2025-03-04,576.8599853515625,565.74560546875,109648200
2025-03-05,583.0599975585938,571.8261108398438,71230500
2025-03-06,572.7100219726562,561.6755981445312,80094900
2025-03-07,575.9199829101562,564.82373046875,81158800
2025-03-10,560.5800170898438,549.7793579101562,99326600
2025-03-11,555.9199829101562,545.2090454101562,88102100
2025-03-12,558.8699951171875,548.1022338867188,69588200
2025-03-13,551.4199829101562,540.795654296875,74079400
2025-03-14,562.8099975585938,551.9662475585938,62660300
2025-03-17,567.1500244140625,556.2227172851562,49008700
2025-03-18,561.02001953125,550.2108764648438,66041400
2025-03-19,567.1300048828125,556.2030639648438,66556000
2025-03-20,565.489990234375,554.5946655273438,62958200
2025-03-21,563.97998046875,554.7776489257812,83763000
2025-03-24,574.0800170898438,564.712890625,58766800
2025-03-25,575.4600219726562,566.0703125,38355700
2025-03-26,568.5900268554688,559.3124389648438,51848300
2025-03-27,567.0800170898438,557.8270874023438,42164200
2025-03-28,555.6599731445312,546.5933227539062,71662700
2025-03-31,559.3900146484375,550.2625122070312,95328200
2025-04-01,560.969970703125,551.8167114257812,54609600
2025-04-02,564.52001953125,555.308837890625,76014500
2025-04-03,536.7000122070312,527.9428100585938,125986000
2025-04-04,505.2799987792969,497.035400390625,217965100
2025-04-07,504.3800048828125,496.1501159667969,256611400
2025-04-08,496.4800109863281,488.3790283203125,165816600
2025-04-09,548.6199951171875,539.6682739257812,241867300
2025-04-10,524.5800170898438,516.0205688476562,162331200
2025-04-11,533.9400024414062,525.227783203125,97866300
2025-04-14,539.1199951171875,530.3233032226562,68034000
2025-04-15,537.6099853515625,528.8378295898438,56892900
2025-04-16,525.6599731445312,517.0828247070312,83484800
2025-04-17,526.4099731445312,517.8206176757812,79868100
2025-04-21,513.8800048828125,505.4950866699219,69368100
2025-04-22,527.25,518.64697265625,75948100
2025-04-23,535.4199829101562,526.68359375,90590700
2025-04-24,546.6900024414062,537.7698364257812,64150400
2025-04-25,550.6400146484375,541.6553344726562,61119600
2025-04-28,550.8499755859375,541.86181640625,47613800
2025-04-29,554.3200073242188,545.2752685546875,47775100
2025-04-30,554.5399780273438,545.49169921875,93101500
2025-05-01,558.469970703125,549.3574829101562,63186100
2025-05-02,566.760009765625,557.51220703125,60717300
2025-05-05,563.510009765625,554.3153076171875,38659200
2025-05-06,558.7999877929688,549.6821899414062,48264700
2025-05-07,561.1500244140625,551.9938354492188,55588000
2025-05-08,565.0599975585938,555.8400268554688,65130800
2025-05-09,564.3400268554688,555.1317749023438,37603400
2025-05-12,582.989990234375,573.4774780273438,78993600
2025-05-13,586.8400268554688,577.2647094726562,67947200
2025-05-14,587.5900268554688,578.0025024414062,66283500
2025-05-15,590.4600219726562,580.8256225585938,71268100
2025-05-16,594.2000122070312,584.5045776367188,76052100
2025-05-19,594.8499755859375,585.1439819335938,68168500
2025-05-20,592.8499755859375,583.176513671875,60614500
2025-05-21,582.8599853515625,573.3495483398438,95197700
2025-05-22,583.0900268554688,573.5758056640625,70860400
2025-05-23,579.1099853515625,569.6607055664062,76029000
2025-05-27,591.1500244140625,581.5043334960938,72588500
2025-05-28,587.72998046875,578.14013671875,68445500
2025-05-29,590.0499877929688,580.4222412109375,69973300
2025-05-30,589.3900146484375,579.7730712890625,90601200
2025-06-02,592.7100219726562,583.038818359375,61630500
2025-06-03,596.0900268554688,586.36376953125,63606200
2025-06-04,595.9299926757812,586.206298828125,57314200
2025-06-05,593.0499877929688,583.373291015625,92278700
2025-06-06,599.1400146484375,589.3639526367188,66588700
2025-06-09,599.6799926757812,589.8952026367188,53016400
2025-06-10,603.0800170898438,593.2396240234375,66247000
2025-06-11,601.3599853515625,591.5477294921875,73658200
2025-06-12,603.75,593.8987426757812,64129000
2025-06-13,597.0,587.2588500976562,89506000
2025-06-16,602.6799926757812,592.8462524414062,79984100
2025-06-17,597.530029296875,587.7802734375,82209400
2025-06-18,597.4400024414062,587.6917114257812,76605000
2025-06-20,594.280029296875,586.3114624023438,94051400
2025-06-23,600.1500244140625,592.1027221679688,87426000
2025-06-24,606.780029296875,598.6438598632812,67735300
2025-06-25,607.1199951171875,598.979248046875,62114800
2025-06-26,611.8699951171875,603.6655883789062,78548400
2025-06-27,614.9099731445312,606.664794921875,86258400
2025-06-30,617.8499755859375,609.5653686523438,92502500
2025-07-01,617.6500244140625,609.3681030273438,70030100
2025-07-02,620.4500122070312,612.1305541992188,66510400
2025-07-03,625.3400268554688,616.9549560546875,51065800
2025-07-07,620.6799926757812,612.3574829101562,74814500
2025-07-08,620.3400268554688,612.0220336914062,59024600
2025-07-09,624.0599975585938,615.692138671875,66113300
2025-07-10,625.8200073242188,617.4285278320312,57529000
2025-07-11,623.6199951171875,615.2579956054688,63670200
2025-07-14,624.8099975585938,616.43212890625,51898500
2025-07-15,622.1400146484375,613.7979125976562,74317300
2025-07-16,624.219970703125,615.8499755859375,88987500
2025-07-17,628.0399780273438,619.6187133789062,68885700
2025-07-18,627.5800170898438,619.1649780273438,65621600
2025-07-21,628.77001953125,620.3389892578125,63375000
2025-07-22,628.8599853515625,620.4277954101562,60046300
2025-07-23,634.2100219726562,625.7059936523438,70511000
2025-07-24,634.4199829101562,625.9132690429688,71307100
2025-07-25,637.0999755859375,628.5572509765625,56865400
2025-07-28,636.9400024414062,628.3994140625,54917100
2025-07-29,635.260009765625,626.741943359375,60556300
2025-07-30,634.4600219726562,625.9526977539062,80418900
2025-07-31,632.0800170898438,623.6046752929688,103385200
2025-08-01,621.719970703125,613.3834838867188,140103600
2025-08-04,631.1699829101562,622.7067260742188,73218000
2025-08-05,627.969970703125,619.5496215820312,68051400
2025-08-06,632.780029296875,624.2952270507812,64357500
2025-08-07,632.25,623.7722778320312,74205800
2025-08-08,637.1799926757812,628.6361083984375,64051600
2025-08-11,635.9199829101562,627.39306640625,58742300
2025-08-12,642.6900024414062,634.072265625,64730800
2025-08-13,644.8900146484375,636.2428588867188,60092800
2025-08-14,644.9500122070312,636.302001953125,59327500
2025-08-15,643.4400024414062,634.8123168945312,68592500
2025-08-18,643.2999877929688,634.6741333007812,43804900
2025-08-19,639.8099975585938,631.23095703125,69750700
2025-08-20,638.1099853515625,629.5537719726562,88890300
2025-08-21,635.5499877929688,627.0280151367188,54805800
2025-08-22,645.3099975585938,636.6571655273438,84083200
2025-08-25,642.469970703125,633.8552856445312,51274300
2025-08-26,645.1599731445312,636.5091552734375,51581600
2025-08-27,646.6300048828125,637.9595336914062,48341100
2025-08-28,648.9199829101562,640.21875,61519500
2025-08-29,645.0499877929688,636.400634765625,74522200
2025-09-02,640.27001953125,631.6847534179688,81983500
2025-09-03,643.739990234375,635.1082153320312,70820900
2025-09-04,649.1199951171875,640.4160766601562,65219200
2025-09-05,647.239990234375,638.5613403320312,85178900
2025-09-08,648.8300170898438,640.1300048828125,63133100
2025-09-09,650.3300170898438,641.6099853515625,66133900
2025-09-10,652.2100219726562,643.4647216796875,78034500
2025-09-11,657.6300048828125,648.8119506835938,69934400
2025-09-12,657.4099731445312,648.5949096679688,72780100
2025-09-15,660.9099731445312,652.0480346679688,63772400
2025-09-16,660.0,651.1502075195312,61169000
2025-09-17,659.1799926757812,650.3412475585938,101952200
2025-09-18,662.260009765625,653.3798828125,90459200
2025-09-19,663.7000122070312,656.6160278320312,97945600
2025-09-22,666.8400268554688,659.7225952148438,69452200
2025-09-23,663.2100219726562,656.1312255859375,81708900
2025-09-24,661.0999755859375,654.043701171875,68082200
2025-09-25,658.0499877929688,651.0263061523438,89622100
2025-09-26,661.8200073242188,654.7560424804688,69179200
2025-09-29,663.6799926757812,656.59619140625,73499000
2025-09-30,666.1799926757812,659.0694580078125,86288000
2025-10-01,668.4500122070312,661.3153076171875,72545400
2025-10-02,669.219970703125,662.0770263671875,56896000
2025-10-03,669.2100219726562,662.0671997070312,70494400
2025-10-06,671.6099853515625,664.4415283203125,54623300
2025-10-07,669.1199951171875,661.9781494140625,72020100
2025-10-08,673.1099853515625,665.925537109375,60702200
2025-10-09,671.1599731445312,663.9963989257812,66501900
2025-10-10,653.02001953125,646.0499877929688,159422600
2025-10-13,663.0399780273438,655.9630126953125,79560500
2025-10-14,662.22998046875,655.1616821289062,88779600
2025-10-15,665.1699829101562,658.0703125,81702600
2025-10-16,660.6400146484375,653.5886840820312,110563300
2025-10-17,664.3900146484375,657.2986450195312,96500900
2025-10-20,671.2999877929688,664.1348876953125,60493400
2025-10-21,671.2899780273438,664.1249389648438,56249000
2025-10-22,667.7999877929688,660.6722412109375,80564000
2025-10-23,671.760009765625,664.5899658203125,65604500
2025-10-24,677.25,670.0213012695312,74356500
2025-10-27,685.239990234375,677.9260864257812,63339800
2025-10-28,687.0599975585938,679.7266235351562,61738100
2025-10-29,687.3900146484375,680.0531005859375,85657100
2025-10-30,679.8300170898438,672.5739135742188,76335800
2025-10-31,682.0599975585938,674.780029296875,87164100
2025-11-03,683.3400268554688,676.04638671875,57315000
2025-11-04,675.239990234375,668.0327758789062,78427000
2025-11-05,677.5800170898438,670.3478393554688,74402400
2025-11-06,670.3099975585938,663.1554565429688,85035300
2025-11-07,670.969970703125,663.808349609375,100592400
2025-11-10,681.4400024414062,674.1666259765625,75842900
2025-11-11,683.0,675.7099609375,58953400
2025-11-12,683.3800048828125,676.0859375,62312500
2025-11-13,672.0399780273438,664.8670043945312,103457800
2025-11-14,671.9299926757812,664.7581176757812,96846700
2025-11-17,665.6699829101562,658.56494140625,90456100
2025-11-18,660.0800170898438,653.03466796875,114467500
2025-11-19,662.6300048828125,655.557373046875,94703000
2025-11-20,652.530029296875,645.5652465820312,165293500
2025-11-21,659.030029296875,651.995849609375,123956200
2025-11-24,668.72998046875,661.59228515625,80437900
2025-11-25,675.02001953125,667.8151245117188,81077100
2025-11-26,679.6799926757812,672.4254150390625,71879600
2025-11-28,683.3900146484375,676.0958862304688,49212000
2025-12-01,680.27001953125,673.0091552734375,61201200
2025-12-02,681.530029296875,674.2556762695312,62953800
2025-12-03,683.8900146484375,676.5905151367188,57238500
2025-12-04,684.3900146484375,677.0851440429688,61970300
2025-12-05,685.6900024414062,678.3712768554688,79241000
2025-12-08,683.6300048828125,676.3333129882812,55231500
2025-12-09,683.0399780273438,675.7495727539062,58310100
2025-12-10,687.5700073242188,680.231201171875,85671300
2025-12-11,689.1699829101562,681.8141479492188,86173700
2025-12-12,681.760009765625,674.4832763671875,113160300
2025-12-15,680.72998046875,673.4641723632812,90811000
2025-12-16,678.8699951171875,671.6240844726562,122030600
2025-12-17,671.4000244140625,664.2338256835938,110625200
2025-12-18,676.469970703125,669.2496948242188,108650100
2025-12-19,680.5900268554688,675.3153686523438,103599500
2025-12-22,684.8300170898438,679.5224609375,69556700
2025-12-23,687.9600219726562,682.6282348632812,64840000
2025-12-24,690.3800048828125,685.0294799804688,39445600
2025-12-26,690.3099975585938,684.9600219726562,41613300
2025-12-29,687.8499755859375,682.51904296875,62559500
2025-12-30,687.010009765625,681.685546875,47160700
2025-12-31,681.9199829101562,676.635009765625,74144800
2026-01-02,683.1699829101562,677.8753051757812,89377200
2026-01-05,687.719970703125,682.3900756835938,71927200
2026-01-06,691.8099975585938,686.4483642578125,69273800
2026-01-07,689.5800170898438,684.2356567382812,75588300
2026-01-08,689.510009765625,684.1661987304688,64019200
2026-01-09,694.0700073242188,688.6908569335938,80125500
2026-01-12,695.1599731445312,689.7723388671875,63976000
2026-01-13,693.77001953125,688.3931884765625,78309700
2026-01-14,690.3599853515625,685.009521484375,94676700
2026-01-15,692.239990234375,686.875,77862000
2026-01-16,691.6599731445312,686.299560546875,79289200
2026-01-20,677.5800170898438,672.3286743164062,111623300
2026-01-21,685.4000244140625,680.0880737304688,127844500
2026-01-22,688.97998046875,683.6403198242188,77112200
2026-01-23,689.22998046875,683.8883056640625,63059600
2026-01-26,692.72998046875,687.3612060546875,60473800
2026-01-27,695.489990234375,690.099853515625,55506100
2026-01-28,695.4199829101562,690.0303955078125,61172200
2026-01-29,694.0399780273438,688.6610717773438,97486200
2026-01-30,691.969970703125,686.6071166992188,101835100
2026-02-02,695.4099731445312,690.0204467773438,79286500
2026-02-03,689.530029296875,684.18603515625,107904600
2026-02-04,686.1900024414062,680.8718872070312,105204600
2026-02-05,677.6199951171875,672.3683471679688,113610800
2026-02-06,690.6199951171875,685.267578125,89127600
2026-02-09,693.9500122070312,688.57177734375,73885200
2026-02-10,692.1199951171875,686.7559204101562,65185700
2026-02-11,691.9600219726562,686.5972290039062,76353900
2026-02-12,681.27001953125,675.9900512695312,118829000
2026-02-13,681.75,676.4663696289062,96267500
2026-02-17,682.8499755859375,677.5578002929688,81354700
2026-02-18,686.2899780273438,680.9711303710938,73570300
2026-02-19,684.47998046875,679.1751098632812,58649400
2026-02-20,689.4299926757812,684.0868530273438,100034000
2026-02-23,682.3900146484375,677.1013793945312,90558100
2026-02-24,687.3499755859375,682.0228881835938,73798700
2026-02-25,693.1500244140625,687.7779541015625,56369500
2026-02-26,689.2999877929688,683.957763671875,71671000
2026-02-27,685.989990234375,680.6734008789062,83308900
2026-03-02,686.3800048828125,681.0604858398438,87477200
2026-03-03,680.3300170898438,675.057373046875,105003100
2026-03-04,685.1300048828125,679.8201904296875,79182200
2026-03-05,681.3099975585938,676.0297241210938,106606500
2026-03-06,672.3800048828125,667.1689453125,100687000
2026-03-09,678.27001953125,673.0133056640625,102667700
2026-03-10,677.1799926757812,671.9317016601562,81505300
2026-03-11,676.3300170898438,671.0883178710938,68441700
2026-03-12,666.0599975585938,660.8978881835938,108882200
2026-03-13,662.2899780273438,657.1571655273438,97200200
2026-03-16,669.030029296875,663.8449096679688,82023100
2026-03-17,670.7899780273438,665.5912475585938,87128000
2026-03-18,661.4299926757812,656.3038330078125,82062600
2026-03-19,659.7999877929688,654.6864013671875,111272500
2026-03-20,648.5700073242188,645.301025390625,163617500
2026-03-23,655.3800048828125,652.07666015625,134802700
2026-03-24,653.1799926757812,649.8877563476562,96457500
2026-03-25,656.8200073242188,653.5093994140625,90653800
2026-03-26,645.0900268554688,641.8385620117188,96494400
2026-03-27,634.0900268554688,630.8939819335938,103649400
2026-03-30,631.969970703125,628.78466796875,99275900
2026-03-31,650.3400268554688,647.0620727539062,152534100
2026-04-01,655.239990234375,651.9373779296875,97841500
2026-04-02,655.8300170898438,652.5244140625,68358700
2026-04-06,658.9299926757812,655.6088256835938,39105800
2026-04-07,659.219970703125,655.8972778320312,69980400
2026-04-08,676.010009765625,672.6027221679688,93606100
2026-04-09,679.9099731445312,676.4829711914062,57134400
2026-04-10,679.4600219726562,676.0353393554688,42253500
2026-04-13,686.0999755859375,682.641845703125,54185800
2026-04-14,694.4600219726562,690.959716796875,63480500
2026-04-15,699.9400024414062,696.412109375,58240400
2026-04-16,701.6599731445312,698.1234130859375,49972400
2026-04-17,710.1400146484375,706.5607299804688,70661900
2026-04-20,708.719970703125,705.1477661132812,43546800
2026-04-21,704.0800170898438,700.53125,58941400
2026-04-22,711.2100219726562,707.6253051757812,42518500
2026-04-23,708.4500122070312,704.8792114257812,56174000
2026-04-24,713.9400024414062,710.341552734375,45182000
2026-04-27,715.1699829101562,711.5653076171875,33135900
2026-04-28,711.6900024414062,708.1028442382812,43117400
2026-04-29,711.5800170898438,707.993408203125,41859200
2026-04-30,718.6599731445312,715.0377197265625,67240900
2026-05-01,720.6500244140625,717.0177001953125,43049800
2026-05-04,718.010009765625,714.3909912109375,51950600
2026-05-05,723.77001953125,720.1220092773438,36933200
2026-05-06,733.8300170898438,730.1312866210938,53288900
2026-05-07,731.5800170898438,727.8926391601562,51724600
2026-05-08,737.6199951171875,733.9021606445312,47227100
2026-05-11,739.2999877929688,735.5736694335938,44024000
2026-05-12,738.1799926757812,734.4593505859375,54185300
2026-05-13,742.3099975585938,738.5685424804688,44200200
2026-05-14,748.1699829101562,744.3989868164062,45307600
2026-05-15,739.1699829101562,735.4443969726562,60410800
2026-05-18,738.6500244140625,734.927001953125,47843900
2026-05-19,733.72998046875,730.0317993164062,54255900
2026-05-20,741.25,737.5138549804688,45768000
2026-05-21,742.719970703125,738.9764404296875,43332200
2026-05-22,745.6400146484375,741.8817749023438,41762000
2026-05-26,750.5900268554688,746.8068237304688,41123600
2026-05-27,750.4600219726562,746.677490234375,42106300
2026-05-28,754.5999755859375,750.7965698242188,41562600
2026-05-29,756.47998046875,752.6671142578125,55075700
2026-06-01,758.5399780273438,754.7167358398438,43634900
2026-06-02,759.5700073242188,755.7415771484375,31581900
2026-06-03,754.239990234375,750.4384155273438,51402500
2026-06-04,757.0900268554688,753.2740478515625,49923000
2026-06-05,737.5499877929688,733.83251953125,93989400
2026-06-08,739.219970703125,735.4940795898438,49319100
2026-06-09,737.0499877929688,733.3350219726562,87683500
2026-06-10,725.4299926757812,721.7736206054688,60341300
2026-06-11,737.760009765625,734.04150390625,86330500
2026-06-12,741.75,738.0113525390625,57079500
2026-06-15,754.8300170898438,751.0254516601562,60176400
2026-06-16,750.3300170898438,746.5481567382812,67093100
2026-06-17,740.9600219726562,737.225341796875,85945200
2026-06-18,746.739990234375,744.8902587890625,80875700
2026-06-22,744.3900146484375,742.546142578125,46628100
2026-06-23,733.5800170898438,731.7628784179688,66846800
2026-06-24,733.239990234375,731.4237060546875,57439500
2026-06-25,734.2999877929688,732.4810791015625,53934400
2026-06-26,728.989990234375,727.1842651367188,71034000
2026-06-29,741.0,739.1644897460938,58035200
2026-06-30,746.77001953125,744.9202270507812,55626000
2026-07-01,745.760009765625,743.9127197265625,47100900
2026-07-02,744.780029296875,742.9351806640625,57447800
2026-07-06,751.280029296875,749.4190673828125,50673300
2026-07-07,747.7100219726562,745.85791015625,43721500
2026-07-08,745.4000244140625,743.5536499023438,43767400
2026-07-09,751.7100219726562,749.8480224609375,41441700
2026-07-10,754.9500122070312,753.0799560546875,42191300
2026-07-13,749.1699829101562,747.3142700195312,44013600
2026-07-14,751.8300170898438,749.9677124023438,35143100
2026-07-15,754.8099975585938,752.9403076171875,43844800
2026-07-16,750.719970703125,748.8604125976562,46409800
2026-07-17,743.2899780273438,741.4487915039062,62651000
2026-07-20,742.0900268554688,740.2518310546875,50422300
2026-07-21,748.280029296875,746.426513671875,34324300
2026-07-22,747.4099731445312,745.55859375,32836200
2026-07-23,738.1799926757812,736.3515014648438,55437300
2026-07-24,738.9299926757812,737.099609375,44782000
2026-07-27,739.0900268554688,737.25927734375,41461200
2026-07-28,740.8599853515625,739.0248413085938,47322200
2026-07-29,729.4600219726562,727.6531372070312,70697200
2026-07-30,741.6900024414062,739.852783203125,66811300
2026-07-31,747.030029296875,745.1796264648438,62445900
2026-08-03,757.6699829101562,755.793212890625,59927500
2026-08-04,771.3300170898438,769.4193725585938,69154800
2026-08-05,769.7899780273438,767.8831787109375,44689100
2026-08-06,768.5599975585938,766.65625,38416900
2026-08-07,773.260009765625,771.3446044921875,43586300
2026-08-10,773.030029296875,771.1151733398438,39249500
2026-08-11,770.5599975585938,768.6513061523438,36740600
2026-08-12,772.489990234375,770.5764770507812,33179100
2026-08-13,777.8800048828125,775.9531860351562,35634500
2026-08-14,776.3400268554688,774.4169921875,31367900
2026-08-17,772.6699829101562,770.7560424804688,34356600
2026-08-18,767.4500122070312,765.5490112304688,43920900
2026-08-19,769.0599975585938,767.1549682617188,40306000
2026-08-20,762.5999755859375,760.7109985351562,45520300
2026-08-21,765.719970703125,763.8232421875,39188700
2026-08-24,763.469970703125,761.5787963867188,32430900
2026-08-25,765.9099731445312,764.0127563476562,27422300
2026-08-26,766.0800170898438,764.182373046875,28751600
2026-08-27,771.0999755859375,769.18994140625,34557100
2026-08-28,769.3499755859375,767.4442749023438,36744300
2026-08-31,767.0499877929688,765.1499633789062,38810800
2026-09-01,761.780029296875,759.89306640625,41126300
2026-09-02,765.1599731445312,763.2646484375,29566200
2026-09-03,773.1699829101562,771.2548217773438,43531600
2026-09-04,770.1900024414062,768.2822265625,34054200
2026-09-08,765.9600219726562,764.0626831054688,44746100
2026-09-09,762.4000244140625,760.5115356445312,32812400
2026-09-10,757.8300170898438,755.9528198242188,42740400
2026-09-11,764.2899780273438,762.3967895507812,45512700
2026-09-14,760.8800048828125,758.9952392578125,43992400
2026-09-15,757.3900146484375,755.513916015625,46195000
2026-09-16,754.0499877929688,752.1821899414062,59217700
2026-09-17,762.5999755859375,760.7109985351562,49652800
2026-09-18,761.6900024414062,761.6900024414062,65395100
2026-09-21,773.5,773.5,50484700
2026-09-22,773.3800048828125,773.3800048828125,34802300
2026-09-23,767.8099975585938,767.8099975585938,54931700
2026-09-24,767.1799926757812,767.1799926757812,43983700
2026-09-25,771.3499755859375,771.3499755859375,36629600
2026-09-28,765.6099853515625,765.6099853515625,40770667
